show_id,type,title,director,cast,country,date_added,release_year,rating,duration,listed_in,description
s1,Movie,Lost Memory 1,Bong Joon-ho,"Shah Rukh Khan, Oscar Isaac",United States,"March 20, 2013",1991,G,152 min,Anime Series,A movie about identity set in United States.
s2,Movie,Dark Empire 2,Anurag Kashyap,"Lupita Nyong'o, Shah Rukh Khan, Song Kang-ho, Florence Pugh",United Kingdom,"January 19, 2016",2012,TV-MA,162 min,"Action & Adventure, TV Comedies, Comedies",A movie about identity set in United Kingdom.
s3,Movie,Iron Code 3,Denis Villeneuve,"Viola Davis, Tilda Swinton",Mexico,"March 22, 2013",1996,TV-Y7,138 min,TV Dramas,A movie about family set in Mexico.
s4,Movie,Hidden Memory 4,Park Chan-wook,,China,"August 31, 2011",2019,G,101 min,"Crime TV Shows, International Movies, Horror Movies",A movie about love set in China.
s5,TV Show,Broken Storm 5,,"Penelope Cruz, Tilda Swinton, Deepika Padukone, Daniel Kaluuya",Egypt,"February 17, 2011",2005,G,5 Seasons,"Independent Movies, TV Comedies",A tv show about family set in Egypt.
s6,Movie,Silent Legacy 6,Martin Scorsese,"Idris Elba, Florence Pugh, Tilda Swinton",United Kingdom,"May 13, 2021",2019,G,47 min,"Action & Adventure, Reality TV, Children & Family Movies",A movie about power set in United Kingdom.
s7,Movie,Hidden Shadow 7,,,Germany,"January 03, 2012",1996,PG-13,174 min,"Thrillers, Documentaries, TV Dramas",A movie about crime set in Germany.
s8,Movie,Sacred City 8,Martin Scorsese,"Tom Hardy, Viola Davis, Idris Elba, Florence Pugh, Saoirse Ronan",Spain,"October 07, 2009",1995,TV-14,181 min,Documentaries,A movie about power set in Spain.
s9,Movie,Frozen Promise 9,Mira Nair,"Penelope Cruz, Mahershala Ali, Saoirse Ronan",Brazil,"August 10, 2019",2018,R,61 min,"Dramas, Independent Movies",A movie about identity set in Brazil.
s10,Movie,Crimson Empire 10,,"Shah Rukh Khan, Zendaya, Tom Hardy",United Kingdom,"March 31, 2014",2021,TV-PG,191 min,"British TV Shows, Horror Movies, Music & Musicals",A movie about survival set in United Kingdom.
s11,Movie,Midnight Hour 11,Hayao Miyazaki,"Song Kang-ho, Tom Hardy",Australia,"June 14, 2010",2005,G,159 min,Stand-Up Comedy,A movie about crime set in Australia.
s12,Movie,Crimson Project 12,Spike Lee,"Viola Davis, Tilda Swinton",United States,"April 20, 2013",2000,TV-Y7,99 min,"International Movies, Romantic Movies",A movie about survival set in United States.
s13,Movie,Broken Storm 13,Spike Lee,"Saoirse Ronan, Song Kang-ho, Daniel Kaluuya, Zendaya, Tom Hardy",China,"January 13, 2015",1993,TV-Y7,173 min,"Romantic Movies, International Movies, Korean TV Shows",A movie about love set in China.
s14,TV Show,Midnight Code 14,,"Song Kang-ho, Zendaya, Oscar Isaac, Daniel Kaluuya, Riz Ahmed",Indonesia,"February 02, 2021",2010,R,6 Season,"Documentaries, Sci-Fi & Fantasy",A tv show about survival set in Indonesia.
s15,Movie,Sacred City 15,,"Shah Rukh Khan, Lupita Nyong'o",Germany,"October 30, 2015",1994,PG,117 min,Anime Series,A movie about identity set in Germany.
s16,TV Show,Velvet Truth 16,Martin Scorsese,"Song Kang-ho, Zendaya, Shah Rukh Khan, Saoirse Ronan",Canada,"June 27, 2011",2007,R,6 Season,"Children & Family Movies, Korean TV Shows, British TV Shows",A tv show about family set in Canada.
s17,TV Show,Dark Empire 17,,"Viola Davis, Tom Hardy, Idris Elba, Florence Pugh",Germany,"November 28, 2017",2017,TV-14,2 Seasons,"Documentaries, Reality TV, International Movies",A tv show about family set in Germany.
s18,Movie,Silent Shadow 18,,"Mahershala Ali, Song Kang-ho",Canada,"July 22, 2020",2016,TV-PG,105 min,Romantic Movies,A movie about survival set in Canada.
s19,Movie,Golden City 19,Hayao Miyazaki,"Lupita Nyong'o, Shah Rukh Khan, Florence Pugh",Italy,"July 22, 2018",2004,TV-Y7,134 min,"Horror Movies, Music & Musicals",A movie about love set in Italy.
s20,Movie,Broken Whisper 20,Christopher Nolan,"Mahershala Ali, Tilda Swinton, Lupita Nyong'o, Penelope Cruz",China,"August 14, 2008",1997,PG-13,90 min,"Children & Family Movies, International Movies, Action & Adventure",A movie about identity set in China.
s21,Movie,Golden Truth 21,Mira Nair,"Florence Pugh, Zendaya",Germany,"October 12, 2017",1990,G,95 min,"Stand-Up Comedy, Comedies",A movie about power set in Germany.
s22,TV Show,Velvet Whisper 22,Christopher Nolan,"Oscar Isaac, Tilda Swinton, Penelope Cruz, Idris Elba",Mexico,"April 20, 2012",2016,TV-Y,3 Seasons,"TV Comedies, Reality TV",A tv show about love set in Mexico.
s23,Movie,Crimson Shadow 23,Mira Nair,"Zendaya, Deepika Padukone, Tilda Swinton, Song Kang-ho, Lupita Nyong'o",Japan,"May 13, 2014",2011,R,124 min,Thrillers,A movie about crime set in Japan.
s24,Movie,Crimson Heart 24,Christopher Nolan,"Florence Pugh, Deepika Padukone, Penelope Cruz",United States,"May 23, 2010",2017,G,163 min,Reality TV,A movie about crime set in United States.
s25,TV Show,Midnight Heart 25,,"Zendaya, Oscar Isaac, Riz Ahmed, Mahershala Ali",Turkey,"April 15, 2020",2018,TV-Y7,8 Season,Children & Family Movies,A tv show about identity set in Turkey.
s26,Movie,Crimson Storm 26,Ava DuVernay,"Tilda Swinton, Idris Elba, Lupita Nyong'o, Viola Davis",Spain,"June 05, 2011",2003,TV-Y,129 min,"Anime Series, Stand-Up Comedy, International Movies",A movie about crime set in Spain.
s27,TV Show,Broken City 27,Ava DuVernay,,Philippines,"February 18, 2008",2012,TV-Y,7 Seasons,"Reality TV, Horror Movies, British TV Shows",A tv show about crime set in Philippines.
s28,Movie,Wild Empire 28,Park Chan-wook,"Idris Elba, Riz Ahmed, Deepika Padukone, Shah Rukh Khan, Oscar Isaac",Italy,"August 10, 2008",1995,TV-PG,163 min,International Movies,A movie about family set in Italy.
s29,Movie,Crimson Heart 29,Hayao Miyazaki,"Lupita Nyong'o, Riz Ahmed, Viola Davis, Deepika Padukone, Tom Hardy",India,"November 06, 2015",2004,TV-MA,52 min,Thrillers,A movie about love set in India.
s30,Movie,Crimson Promise 30,Christopher Nolan,"Zendaya, Mahershala Ali, Saoirse Ronan",Japan,"July 27, 2010",2000,TV-14,193 min,Sci-Fi & Fantasy,A movie about identity set in Japan.
s31,Movie,Broken Shadow 31,Bong Joon-ho,,Spain,"October 06, 2014",1997,NR,55 min,"Reality TV, Stand-Up Comedy",A movie about power set in Spain.
s32,Movie,Frozen Hour 32,Hayao Miyazaki,"Riz Ahmed, Idris Elba",Egypt,"October 07, 2017",2001,PG-13,182 min,"Anime Series, Stand-Up Comedy",A movie about power set in Egypt.
s33,Movie,Eternal Project 33,,"Zendaya, Song Kang-ho, Florence Pugh, Deepika Padukone",Italy,"February 01, 2019",2010,R,135 min,"Crime TV Shows, Children & Family Movies",A movie about identity set in Italy.
s34,TV Show,Hidden Legacy 34,,"Deepika Padukone, Mahershala Ali",China,"September 05, 2018",2021,TV-MA,2 Season,"Horror Movies, Sci-Fi & Fantasy",A tv show about power set in China.
s35,Movie,Wild Legacy 35,Hayao Miyazaki,"Mahershala Ali, Daniel Kaluuya, Deepika Padukone, Saoirse Ronan",Spain,"April 26, 2012",2010,G,92 min,Thrillers,A movie about power set in Spain.
s36,Movie,Golden Code 36,Pedro Almodovar,"Penelope Cruz, Saoirse Ronan",Japan,"December 24, 2019",1998,TV-MA,186 min,"Documentaries, British TV Shows",A movie about love set in Japan.
s37,TV Show,Velvet Storm 37,Spike Lee,"Lupita Nyong'o, Riz Ahmed",United Kingdom,"August 29, 2009",1993,NR,5 Season,Action & Adventure,A tv show about identity set in United Kingdom.
s38,TV Show,Velvet Code 38,Bong Joon-ho,"Zendaya, Daniel Kaluuya, Deepika Padukone, Saoirse Ronan, Oscar Isaac",Mexico,"May 08, 2009",1996,R,4 Season,Romantic Movies,A tv show about crime set in Mexico.
s39,Movie,Midnight Promise 39,,"Oscar Isaac, Tom Hardy, Song Kang-ho, Saoirse Ronan, Mahershala Ali",Egypt,"March 27, 2013",2006,NR,95 min,"Action & Adventure, Reality TV",A movie about crime set in Egypt.
s40,Movie,Bright Storm 40,Christopher Nolan,,Indonesia,"October 06, 2020",2008,TV-Y7,122 min,"TV Comedies, Children & Family Movies, Korean TV Shows",A movie about identity set in Indonesia.
s41,Movie,Midnight Code 41,,"Lupita Nyong'o, Tom Hardy, Viola Davis, Song Kang-ho",Philippines,"June 18, 2008",2007,TV-PG,165 min,"Anime Series, Children & Family Movies, Romantic Movies",A movie about identity set in Philippines.
s42,Movie,Dark Heart 42,Spike Lee,"Tilda Swinton, Daniel Kaluuya, Viola Davis, Shah Rukh Khan",Argentina,"December 24, 2016",1992,PG,109 min,"Action & Adventure, TV Comedies",A movie about identity set in Argentina.
s43,TV Show,Lost Hour 43,Spike Lee,"Mahershala Ali, Oscar Isaac, Florence Pugh",Egypt,"July 25, 2012",2007,PG-13,8 Seasons,"Action & Adventure, Dramas",A tv show about power set in Egypt.
s44,Movie,Crimson Memory 44,,"Shah Rukh Khan, Song Kang-ho, Riz Ahmed, Viola Davis, Deepika Padukone",France,"July 18, 2014",2007,TV-Y7,165 min,Anime Series,A movie about identity set in France.
s45,Movie,Crimson City 45,Ava DuVernay,"Lupita Nyong'o, Florence Pugh",Turkey,"May 22, 2019",2007,PG-13,121 min,"Independent Movies, British TV Shows, Documentaries",A movie about survival set in Turkey.
s46,Movie,Eternal Whisper 46,Pedro Almodovar,"Penelope Cruz, Mahershala Ali, Song Kang-ho, Oscar Isaac",Turkey,"August 10, 2018",2014,TV-PG,171 min,Documentaries,A movie about identity set in Turkey.
s47,TV Show,Eternal Project 47,,"Zendaya, Tom Hardy",Turkey,"June 18, 2011",1994,PG-13,6 Seasons,"Comedies, Crime TV Shows",A tv show about power set in Turkey.
s48,TV Show,Broken Whisper 48,Spike Lee,"Shah Rukh Khan, Song Kang-ho",Mexico,"January 10, 2010",2017,TV-14,8 Season,"Dramas, International Movies",A tv show about family set in Mexico.
s49,TV Show,Hidden Whisper 49,Anurag Kashyap,"Idris Elba, Shah Rukh Khan, Zendaya, Viola Davis, Oscar Isaac",Indonesia,"February 28, 2019",1999,PG-13,8 Season,Anime Series,A tv show about family set in Indonesia.
s50,Movie,Silent Kingdom 50,Denis Villeneuve,"Riz Ahmed, Mahershala Ali, Saoirse Ronan, Deepika Padukone",South Korea,"November 02, 2018",1996,NR,136 min,"Sci-Fi & Fantasy, Music & Musicals, Dramas",A movie about power set in South Korea.
s51,Movie,Lost Code 51,Ava DuVernay,"Oscar Isaac, Florence Pugh, Zendaya, Song Kang-ho, Daniel Kaluuya",Spain,"December 04, 2021",2006,TV-PG,69 min,"International Movies, Sci-Fi & Fantasy, Anime Series",A movie about love set in Spain.
s52,Movie,Golden Promise 52,,"Idris Elba, Song Kang-ho, Shah Rukh Khan, Florence Pugh, Lupita Nyong'o",Brazil,"February 10, 2014",2000,TV-Y7,120 min,"Crime TV Shows, Action & Adventure, Anime Series",A movie about love set in Brazil.
s53,Movie,Crimson Project 53,Park Chan-wook,"Shah Rukh Khan, Florence Pugh, Penelope Cruz, Tom Hardy",Canada,"November 17, 2013",2014,PG,72 min,"Horror Movies, British TV Shows, Dramas",A movie about identity set in Canada.
s54,TV Show,Frozen Whisper 54,Bong Joon-ho,"Oscar Isaac, Tilda Swinton, Penelope Cruz, Viola Davis, Shah Rukh Khan",,"January 18, 2019",1997,G,3 Season,"Reality TV, Stand-Up Comedy",A tv show about identity set in an unnamed place.
s55,TV Show,Silent City 55,Christopher Nolan,"Lupita Nyong'o, Tom Hardy, Mahershala Ali, Idris Elba, Song Kang-ho",Spain,"March 24, 2010",2013,PG,1 Season,Action & Adventure,A tv show about survival set in Spain.
s56,Movie,Crimson Hour 56,Martin Scorsese,,France,"August 08, 2012",1994,G,98 min,"Thrillers, Horror Movies, Crime TV Shows",A movie about crime set in France.
s57,TV Show,Velvet Empire 57,Anurag Kashyap,"Idris Elba, Viola Davis, Tilda Swinton, Tom Hardy",Brazil,"May 03, 2013",2010,,5 Season,"Stand-Up Comedy, Korean TV Shows, Action & Adventure",A tv show about power set in Brazil.
s58,Movie,Wild Truth 58,Mira Nair,"Viola Davis, Mahershala Ali, Florence Pugh",Nigeria,"September 12, 2008",1993,TV-Y,154 min,"Action & Adventure, British TV Shows, Anime Series",A movie about love set in Nigeria.
s59,TV Show,Eternal Code 59,,"Florence Pugh, Oscar Isaac, Lupita Nyong'o, Saoirse Ronan",Indonesia,"July 26, 2010",2003,R,7 Season,"TV Comedies, Stand-Up Comedy",A tv show about power set in Indonesia.
s60,Movie,Broken Whisper 60,Denis Villeneuve,"Shah Rukh Khan, Viola Davis, Riz Ahmed, Zendaya, Florence Pugh",Brazil,"June 23, 2020",1993,G,188 min,"Action & Adventure, Stand-Up Comedy",A movie about family set in Brazil.
s61,TV Show,Sacred Shadow 61,Ava DuVernay,,Mexico,"December 17, 2020",2003,TV-Y7,4 Seasons,"Reality TV, TV Dramas",A tv show about love set in Mexico.
s62,TV Show,Velvet Garden 62,Pedro Almodovar,"Lupita Nyong'o, Tom Hardy",Mexico,"November 15, 2015",1990,TV-PG,7 Season,"Dramas, Comedies, Korean TV Shows",A tv show about crime set in Mexico.
s63,Movie,Wild Whisper 63,,"Shah Rukh Khan, Zendaya, Tom Hardy, Daniel Kaluuya",Indonesia,"October 30, 2009",2007,TV-Y,169 min,"Anime Series, Stand-Up Comedy, Children & Family Movies",A movie about crime set in Indonesia.
s64,TV Show,Midnight Whisper 64,Greta Gerwig,"Oscar Isaac, Tom Hardy, Song Kang-ho, Penelope Cruz, Daniel Kaluuya",,"September 26, 2012",1998,PG-13,6 Season,"Stand-Up Comedy, Romantic Movies",A tv show about crime set in an unnamed place.
s65,Movie,Golden Garden 65,Park Chan-wook,"Florence Pugh, Riz Ahmed",Turkey,,1994,NR,154 min,"TV Comedies, Stand-Up Comedy, Sci-Fi & Fantasy",A movie about love set in Turkey.
s66,Movie,Eternal Promise 66,Mira Nair,"Shah Rukh Khan, Penelope Cruz, Riz Ahmed, Viola Davis",Philippines,"October 06, 2009",2015,PG,101 min,"Romantic Movies, Comedies",A movie about identity set in Philippines.
s67,Movie,Frozen Legacy 67,,"Saoirse Ronan, Song Kang-ho, Viola Davis, Shah Rukh Khan",Japan,"September 09, 2009",2001,TV-Y7,163 min,"Independent Movies, Anime Series, Crime TV Shows",A movie about power set in Japan.
s68,Movie,Wild Kingdom 68,Park Chan-wook,"Viola Davis, Idris Elba, Lupita Nyong'o, Daniel Kaluuya",Egypt,"April 08, 2016",2008,TV-14,197 min,"TV Comedies, Anime Series, Reality TV",A movie about power set in Egypt.
s69,TV Show,Wild City 69,Park Chan-wook,"Saoirse Ronan, Tom Hardy, Deepika Padukone, Viola Davis, Idris Elba",United Kingdom,"November 14, 2011",1992,TV-Y7,8 Seasons,"Romantic Movies, TV Dramas, Independent Movies",A tv show about family set in United Kingdom.
s70,Movie,Sacred Whisper 70,Martin Scorsese,"Shah Rukh Khan, Idris Elba, Viola Davis, Lupita Nyong'o",Mexico,"July 08, 2021",1999,NR,81 min,"Sci-Fi & Fantasy, TV Comedies",A movie about crime set in Mexico.
s71,Movie,Midnight Storm 71,Park Chan-wook,"Shah Rukh Khan, Tilda Swinton, Zendaya",Brazil,,2009,R,132 min,"Thrillers, Horror Movies",A movie about crime set in Brazil.
s72,Movie,Hidden Project 72,Pedro Almodovar,"Tilda Swinton, Zendaya",France,"June 17, 2011",2000,NR,87 min,"Anime Series, International Movies, Stand-Up Comedy",A movie about family set in France.
s73,Movie,Crimson Heart 73,Ava DuVernay,"Deepika Padukone, Saoirse Ronan, Florence Pugh",South Korea,"October 16, 2020",2018,PG-13,142 min,"Korean TV Shows, Stand-Up Comedy, Romantic Movies",A movie about crime set in South Korea.
s74,TV Show,Silent Project 74,Park Chan-wook,"Song Kang-ho, Mahershala Ali, Riz Ahmed, Lupita Nyong'o",Mexico,"August 06, 2011",2007,G,3 Seasons,Horror Movies,A tv show about survival set in Mexico.
s75,TV Show,Bright Empire 75,Hayao Miyazaki,"Florence Pugh, Viola Davis, Idris Elba",Australia,"July 09, 2015",1999,PG-13,8 Seasons,British TV Shows,A tv show about survival set in Australia.
s76,Movie,Bright Kingdom 76,,"Riz Ahmed, Viola Davis, Florence Pugh",Mexico,"May 07, 2013",2016,NR,162 min,Action & Adventure,A movie about survival set in Mexico.
s77,Movie,Lost Hour 77,Bong Joon-ho,"Riz Ahmed, Tom Hardy, Oscar Isaac, Idris Elba",Turkey,"December 02, 2009",2013,G,184 min,"Korean TV Shows, Reality TV, Dramas",A movie about survival set in Turkey.
s78,TV Show,Lost Hour 78,Denis Villeneuve,"Mahershala Ali, Florence Pugh",,"April 29, 2010",2011,PG,9 Season,"Romantic Movies, Anime Series, British TV Shows",A tv show about power set in an unnamed place.
s79,Movie,Silent Kingdom 79,Spike Lee,,South Korea,"January 29, 2015",2009,G,166 min,"International Movies, Thrillers",A movie about family set in South Korea.
s80,Movie,Sacred Empire 80,Denis Villeneuve,"Riz Ahmed, Zendaya, Penelope Cruz, Mahershala Ali",Italy,"March 10, 2012",2021,PG,177 min,"Comedies, Stand-Up Comedy",A movie about love set in Italy.
s81,Movie,Dark Promise 81,Denis Villeneuve,"Oscar Isaac, Saoirse Ronan, Deepika Padukone, Daniel Kaluuya",Japan,"November 19, 2015",2018,PG,156 min,"International Movies, Comedies",A movie about power set in Japan.
s82,Movie,Eternal Legacy 82,Park Chan-wook,"Saoirse Ronan, Riz Ahmed",Egypt,"July 04, 2009",2005,PG,137 min,"Independent Movies, International Movies",A movie about identity set in Egypt.
s83,Movie,Wild Whisper 83,Christopher Nolan,"Florence Pugh, Idris Elba, Tilda Swinton, Saoirse Ronan",Canada,,2001,TV-Y,188 min,Children & Family Movies,A movie about family set in Canada.
s84,TV Show,Crimson Code 84,Spike Lee,"Shah Rukh Khan, Deepika Padukone, Daniel Kaluuya",Egypt,"March 03, 2015",2012,G,9 Season,"Romantic Movies, Music & Musicals",A tv show about family set in Egypt.
s85,Movie,Midnight Garden 85,Bong Joon-ho,"Mahershala Ali, Lupita Nyong'o",Egypt,"May 16, 2020",1998,TV-14,61 min,"TV Comedies, British TV Shows",A movie about identity set in Egypt.
s86,Movie,Broken Project 86,Anurag Kashyap,"Zendaya, Deepika Padukone",Brazil,"May 13, 2020",2001,TV-PG,155 min,"International Movies, Action & Adventure, Korean TV Shows",A movie about crime set in Brazil.
s87,Movie,Silent Whisper 87,Bong Joon-ho,"Shah Rukh Khan, Saoirse Ronan, Song Kang-ho, Tilda Swinton",Germany,"October 16, 2014",1995,TV-PG,196 min,"Documentaries, Romantic Movies, Crime TV Shows",A movie about identity set in Germany.
s88,Movie,Dark Empire 88,,"Penelope Cruz, Florence Pugh, Oscar Isaac, Daniel Kaluuya",United States,"March 27, 2020",2008,PG-13,168 min,TV Comedies,A movie about family set in United States.
s89,Movie,Golden Empire 89,,"Penelope Cruz, Idris Elba, Oscar Isaac, Shah Rukh Khan, Zendaya",Australia,"September 30, 2015",2015,PG,176 min,"Action & Adventure, Crime TV Shows, Horror Movies",A movie about survival set in Australia.
s90,Movie,Wild Garden 90,,,Indonesia,"August 01, 2011",2010,PG,93 min,British TV Shows,A movie about identity set in Indonesia.
s91,Movie,Bright Storm 91,Christopher Nolan,"Deepika Padukone, Song Kang-ho, Oscar Isaac, Idris Elba, Tom Hardy",,"July 22, 2018",2008,TV-14,155 min,Children & Family Movies,A movie about power set in an unnamed place.
s92,Movie,Broken Whisper 92,,,Brazil,"August 25, 2009",2014,G,116 min,"Music & Musicals, Action & Adventure, Documentaries",A movie about love set in Brazil.
s93,Movie,Sacred Whisper 93,Denis Villeneuve,"Florence Pugh, Lupita Nyong'o, Tom Hardy",,"June 21, 2015",2020,TV-PG,200 min,"Documentaries, Crime TV Shows, Independent Movies",A movie about crime set in an unnamed place.
s94,Movie,Velvet Memory 94,Mira Nair,"Oscar Isaac, Deepika Padukone, Riz Ahmed, Tom Hardy, Idris Elba",Canada,"February 02, 2021",2009,TV-MA,197 min,"Children & Family Movies, Independent Movies",A movie about identity set in Canada.
s95,Movie,Lost Code 95,Pedro Almodovar,"Saoirse Ronan, Riz Ahmed, Tilda Swinton, Song Kang-ho, Tom Hardy",Canada,"November 21, 2017",2010,TV-Y,97 min,"Korean TV Shows, British TV Shows",A movie about power set in Canada.
s96,TV Show,Golden Promise 96,Pedro Almodovar,"Florence Pugh, Idris Elba, Shah Rukh Khan, Deepika Padukone, Lupita Nyong'o",Brazil,"December 05, 2013",2020,R,5 Seasons,Sci-Fi & Fantasy,A tv show about family set in Brazil.
s97,TV Show,Golden Memory 97,Spike Lee,"Oscar Isaac, Viola Davis, Daniel Kaluuya, Tilda Swinton",Italy,"April 14, 2011",2008,TV-14,6 Seasons,"Children & Family Movies, British TV Shows, Thrillers",A tv show about crime set in Italy.
s98,TV Show,Hidden City 98,Greta Gerwig,"Deepika Padukone, Tom Hardy, Tilda Swinton",Spain,"March 06, 2009",1996,TV-Y7,2 Seasons,Dramas,A tv show about identity set in Spain.
s99,TV Show,Silent Shadow 99,Spike Lee,"Oscar Isaac, Idris Elba, Saoirse Ronan",United Kingdom,"March 17, 2013",1992,TV-PG,7 Seasons,International Movies,A tv show about survival set in United Kingdom.
s100,TV Show,Silent City 100,Greta Gerwig,"Oscar Isaac, Daniel Kaluuya",Australia,"March 08, 2020",2021,TV-PG,9 Seasons,Action & Adventure,A tv show about family set in Australia.
s101,Movie,Wild Hour 101,Anurag Kashyap,,Mexico,"May 01, 2012",2001,TV-Y,154 min,"Crime TV Shows, Comedies, TV Comedies",A movie about power set in Mexico.
s102,Movie,Silent Heart 102,Bong Joon-ho,,Egypt,"May 24, 2015",2009,NR,47 min,"TV Dramas, Horror Movies",A movie about love set in Egypt.
s103,Movie,Wild Storm 103,,"Song Kang-ho, Tilda Swinton, Saoirse Ronan, Idris Elba",Spain,"September 22, 2018",1999,NR,140 min,"Reality TV, British TV Shows",A movie about identity set in Spain.
s104,TV Show,Dark Garden 104,Park Chan-wook,"Zendaya, Lupita Nyong'o",United Kingdom,"July 08, 2010",1993,G,4 Seasons,Romantic Movies,A tv show about family set in United Kingdom.
s105,TV Show,Wild Kingdom 105,Ava DuVernay,"Zendaya, Florence Pugh",,"April 26, 2017",2019,G,8 Seasons,"Dramas, TV Comedies",A tv show about family set in an unnamed place.
s106,TV Show,Golden Garden 106,Martin Scorsese,"Viola Davis, Zendaya",Argentina,"March 03, 2017",2001,TV-Y,6 Seasons,"Anime Series, TV Comedies",A tv show about survival set in Argentina.
s107,Movie,Iron Project 107,Park Chan-wook,"Idris Elba, Lupita Nyong'o",France,"December 29, 2012",1990,PG-13,163 min,"Reality TV, Stand-Up Comedy, Music & Musicals",A movie about survival set in France.
s108,TV Show,Crimson Heart 108,Greta Gerwig,"Viola Davis, Florence Pugh",Indonesia,"May 08, 2008",2005,TV-14,1 Seasons,"International Movies, Horror Movies, Music & Musicals",A tv show about survival set in Indonesia.
s109,Movie,Frozen Garden 109,Martin Scorsese,"Deepika Padukone, Riz Ahmed, Mahershala Ali, Oscar Isaac",Indonesia,"March 11, 2015",2005,TV-PG,178 min,Stand-Up Comedy,A movie about family set in Indonesia.
s110,Movie,Frozen Code 110,Anurag Kashyap,"Daniel Kaluuya, Tom Hardy, Idris Elba, Tilda Swinton, Florence Pugh",Nigeria,"May 03, 2017",2016,TV-Y,92 min,"British TV Shows, Horror Movies, Independent Movies",A movie about family set in Nigeria.
s111,TV Show,Silent Truth 111,Martin Scorsese,"Saoirse Ronan, Penelope Cruz, Song Kang-ho, Daniel Kaluuya, Riz Ahmed",United Kingdom,"April 27, 2016",1995,R,1 Season,"Music & Musicals, International Movies, Comedies",A tv show about crime set in United Kingdom.
s112,TV Show,Velvet Memory 112,Bong Joon-ho,"Oscar Isaac, Zendaya, Tom Hardy, Song Kang-ho",Canada,"September 28, 2018",2005,R,7 Seasons,"Crime TV Shows, Sci-Fi & Fantasy, TV Comedies",A tv show about survival set in Canada.
s113,Movie,Eternal Storm 113,Pedro Almodovar,"Song Kang-ho, Florence Pugh, Mahershala Ali, Deepika Padukone, Idris Elba",Brazil,"January 09, 2009",2004,TV-MA,111 min,"Independent Movies, Music & Musicals, Stand-Up Comedy",A movie about family set in Brazil.
s114,Movie,Eternal Garden 114,Bong Joon-ho,"Lupita Nyong'o, Florence Pugh, Riz Ahmed, Deepika Padukone",Argentina,"November 25, 2015",2000,G,170 min,Reality TV,A movie about power set in Argentina.
s115,TV Show,Frozen Empire 115,Christopher Nolan,"Tom Hardy, Penelope Cruz",Spain,"May 22, 2011",1990,TV-Y7,6 Season,"Music & Musicals, British TV Shows, Independent Movies",A tv show about love set in Spain.
s116,Movie,Frozen Shadow 116,,"Oscar Isaac, Tom Hardy, Lupita Nyong'o, Mahershala Ali",Japan,"February 28, 2010",1999,NR,179 min,"TV Dramas, Children & Family Movies",A movie about survival set in Japan.
s117,Movie,Broken Heart 117,Ava DuVernay,"Viola Davis, Daniel Kaluuya",Italy,"April 04, 2009",1990,TV-14,172 min,"Crime TV Shows, Independent Movies",A movie about love set in Italy.
s118,TV Show,Bright Empire 118,,"Lupita Nyong'o, Tom Hardy, Viola Davis, Tilda Swinton, Saoirse Ronan",Philippines,"January 09, 2012",2010,,4 Seasons,"TV Comedies, Comedies, Sci-Fi & Fantasy",A tv show about crime set in Philippines.
s119,Movie,Velvet Project 119,Park Chan-wook,"Florence Pugh, Daniel Kaluuya, Mahershala Ali, Shah Rukh Khan",United Kingdom,"October 04, 2015",1993,R,64 min,"Music & Musicals, TV Comedies",A movie about family set in United Kingdom.
s120,Movie,Hidden Truth 120,Spike Lee,"Riz Ahmed, Shah Rukh Khan, Tilda Swinton, Oscar Isaac, Daniel Kaluuya",Indonesia,"July 11, 2013",1994,TV-PG,142 min,"Documentaries, TV Comedies, Crime TV Shows",A movie about family set in Indonesia.
s121,Movie,Lost Storm 121,Greta Gerwig,"Idris Elba, Penelope Cruz",China,"April 26, 2010",1991,G,68 min,"Music & Musicals, Crime TV Shows, TV Comedies",A movie about love set in China.
s122,Movie,Broken Truth 122,,"Idris Elba, Tilda Swinton, Penelope Cruz",Germany,"January 22, 2019",1999,TV-Y,115 min,"Sci-Fi & Fantasy, British TV Shows",A movie about love set in Germany.
s123,Movie,Crimson Memory 123,Mira Nair,"Song Kang-ho, Shah Rukh Khan, Saoirse Ronan, Tom Hardy, Penelope Cruz",Indonesia,"May 23, 2015",2018,NR,79 min,"Crime TV Shows, Thrillers",A movie about survival set in Indonesia.
s124,Movie,Broken Whisper 124,Ava DuVernay,"Tilda Swinton, Penelope Cruz, Saoirse Ronan",Italy,"August 24, 2020",2002,G,91 min,"Reality TV, Dramas, Anime Series",A movie about power set in Italy.
s125,Movie,Sacred Storm 125,Christopher Nolan,"Daniel Kaluuya, Shah Rukh Khan, Tilda Swinton, Saoirse Ronan, Song Kang-ho",France,"June 15, 2016",1994,NR,167 min,"TV Comedies, Reality TV, Korean TV Shows",A movie about power set in France.
s126,Movie,Lost Truth 126,Ava DuVernay,"Song Kang-ho, Florence Pugh",Brazil,"September 28, 2021",1992,TV-Y,129 min,"Action & Adventure, Dramas",A movie about love set in Brazil.
s127,Movie,Frozen Memory 127,Mira Nair,"Zendaya, Idris Elba, Penelope Cruz",Philippines,"May 19, 2011",2012,TV-Y7,71 min,"Stand-Up Comedy, Comedies",A movie about love set in Philippines.
s128,TV Show,Golden Promise 128,Denis Villeneuve,"Daniel Kaluuya, Idris Elba, Deepika Padukone",Egypt,"September 25, 2014",1992,TV-14,1 Seasons,"Action & Adventure, Romantic Movies, Horror Movies",A tv show about identity set in Egypt.
s129,Movie,Silent Whisper 129,Spike Lee,"Idris Elba, Shah Rukh Khan, Tilda Swinton, Riz Ahmed, Penelope Cruz",Indonesia,"January 30, 2018",2017,R,97 min,"Comedies, Independent Movies",A movie about love set in Indonesia.
s130,TV Show,Frozen Promise 130,Bong Joon-ho,"Daniel Kaluuya, Lupita Nyong'o, Tilda Swinton, Idris Elba",Indonesia,"July 24, 2010",2012,TV-Y7,3 Seasons,"Sci-Fi & Fantasy, Independent Movies, Comedies",A tv show about power set in Indonesia.
s131,Movie,Midnight Garden 131,Anurag Kashyap,"Florence Pugh, Penelope Cruz, Oscar Isaac",Italy,"November 30, 2018",2001,TV-Y7,118 min,Romantic Movies,A movie about family set in Italy.
s132,TV Show,Velvet Empire 132,Martin Scorsese,"Florence Pugh, Lupita Nyong'o, Zendaya",Turkey,"April 27, 2017",2018,TV-14,1 Seasons,Sci-Fi & Fantasy,A tv show about love set in Turkey.
s133,Movie,Frozen Storm 133,,"Song Kang-ho, Oscar Isaac, Viola Davis, Saoirse Ronan, Lupita Nyong'o",Brazil,"December 06, 2008",2018,TV-Y,71 min,"Horror Movies, Sci-Fi & Fantasy, International Movies",A movie about survival set in Brazil.
s134,Movie,Dark Project 134,,"Deepika Padukone, Song Kang-ho",Philippines,"September 08, 2021",2017,TV-PG,97 min,International Movies,A movie about identity set in Philippines.
s135,Movie,Hidden Code 135,Denis Villeneuve,"Oscar Isaac, Daniel Kaluuya, Saoirse Ronan, Lupita Nyong'o",Canada,"March 25, 2017",1993,TV-PG,78 min,Documentaries,A movie about power set in Canada.
s136,Movie,Crimson Truth 136,Hayao Miyazaki,"Riz Ahmed, Penelope Cruz, Deepika Padukone, Viola Davis",United Kingdom,"March 29, 2014",2013,TV-Y7,128 min,"Dramas, Comedies, Anime Series",A movie about power set in United Kingdom.
s137,Movie,Eternal Project 137,,"Riz Ahmed, Daniel Kaluuya, Song Kang-ho",Australia,"July 29, 2015",1998,TV-Y7,132 min,"International Movies, Music & Musicals, Action & Adventure",A movie about power set in Australia.
s138,TV Show,Wild Empire 138,,"Zendaya, Tom Hardy, Penelope Cruz, Song Kang-ho, Mahershala Ali",Mexico,"February 22, 2014",1995,PG-13,2 Season,"Romantic Movies, International Movies, TV Comedies",A tv show about power set in Mexico.
s139,Movie,Golden Truth 139,,"Tom Hardy, Song Kang-ho",France,"August 26, 2019",2018,,132 min,Stand-Up Comedy,A movie about power set in France.
s140,Movie,Midnight Garden 140,Ava DuVernay,"Tilda Swinton, Idris Elba",France,"December 26, 2010",1999,NR,47 min,"Romantic Movies, Anime Series, TV Dramas",A movie about power set in France.
s141,Movie,Golden Promise 141,Mira Nair,"Shah Rukh Khan, Zendaya, Viola Davis",Canada,"August 11, 2016",2012,PG,80 min,Children & Family Movies,A movie about power set in Canada.
s142,Movie,Frozen Code 142,Mira Nair,"Oscar Isaac, Song Kang-ho",Nigeria,"October 14, 2016",2008,R,171 min,"Action & Adventure, Horror Movies",A movie about survival set in Nigeria.
s143,Movie,Midnight Legacy 143,Martin Scorsese,"Saoirse Ronan, Penelope Cruz, Riz Ahmed, Oscar Isaac",China,"July 25, 2018",1994,,62 min,Children & Family Movies,A movie about crime set in China.
s144,Movie,Lost Truth 144,Greta Gerwig,"Riz Ahmed, Mahershala Ali, Penelope Cruz, Viola Davis, Tilda Swinton",Indonesia,"November 15, 2009",2009,R,84 min,"Crime TV Shows, TV Comedies, Comedies",A movie about family set in Indonesia.
s145,Movie,Golden Project 145,,"Song Kang-ho, Deepika Padukone, Oscar Isaac, Riz Ahmed, Tom Hardy",Japan,"January 29, 2011",1990,PG,178 min,"Children & Family Movies, Romantic Movies, TV Dramas",A movie about crime set in Japan.
s146,TV Show,Dark Storm 146,Christopher Nolan,"Tilda Swinton, Florence Pugh",Nigeria,"December 06, 2020",1994,G,6 Season,"Romantic Movies, TV Dramas, Music & Musicals",A tv show about family set in Nigeria.
s147,TV Show,Bright Code 147,Christopher Nolan,"Viola Davis, Riz Ahmed",Spain,"February 29, 2016",2014,TV-PG,1 Seasons,"Stand-Up Comedy, Horror Movies, Crime TV Shows",A tv show about crime set in Spain.
s148,Movie,Golden Whisper 148,Christopher Nolan,"Viola Davis, Shah Rukh Khan",Nigeria,"December 28, 2016",1994,PG-13,124 min,"Comedies, Reality TV",A movie about survival set in Nigeria.
s149,Movie,Crimson Storm 149,Greta Gerwig,"Zendaya, Idris Elba, Oscar Isaac",South Korea,"April 04, 2020",2005,TV-Y,51 min,Reality TV,A movie about family set in South Korea.
s150,Movie,Golden City 150,,"Oscar Isaac, Viola Davis, Song Kang-ho, Lupita Nyong'o, Riz Ahmed",India,"March 12, 2011",2007,R,178 min,"TV Dramas, Anime Series",A movie about power set in India.
s151,Movie,Midnight Legacy 151,,"Viola Davis, Penelope Cruz",France,"November 08, 2013",2010,TV-Y,128 min,"Anime Series, Children & Family Movies",A movie about crime set in France.
s152,Movie,Crimson Promise 152,Mira Nair,"Idris Elba, Deepika Padukone",Turkey,"January 14, 2016",2003,TV-Y7,112 min,Comedies,A movie about crime set in Turkey.
s153,TV Show,Hidden Project 153,Mira Nair,,Australia,"July 26, 2013",2012,TV-MA,5 Season,Dramas,A tv show about survival set in Australia.
s154,TV Show,Frozen Memory 154,Christopher Nolan,"Song Kang-ho, Tom Hardy, Zendaya",Spain,"December 25, 2016",2013,TV-14,5 Seasons,Dramas,A tv show about love set in Spain.
s155,Movie,Iron Heart 155,Christopher Nolan,"Song Kang-ho, Tom Hardy, Deepika Padukone, Zendaya",Philippines,"November 09, 2016",2021,TV-Y,89 min,"Thrillers, Romantic Movies",A movie about family set in Philippines.
s156,Movie,Bright Promise 156,,"Oscar Isaac, Deepika Padukone, Penelope Cruz",Argentina,"April 10, 2014",2014,R,179 min,Reality TV,A movie about love set in Argentina.
s157,TV Show,Sacred Memory 157,Pedro Almodovar,"Tilda Swinton, Penelope Cruz, Saoirse Ronan, Shah Rukh Khan",,"August 28, 2008",2007,TV-Y7,9 Season,"Horror Movies, Romantic Movies, Action & Adventure",A tv show about crime set in an unnamed place.
s158,Movie,Hidden Legacy 158,Ava DuVernay,,Spain,"September 16, 2016",2012,TV-PG,90 min,Independent Movies,A movie about family set in Spain.
s159,TV Show,Golden Whisper 159,Martin Scorsese,"Saoirse Ronan, Oscar Isaac, Song Kang-ho, Florence Pugh",Argentina,"December 09, 2011",2021,TV-MA,4 Seasons,Korean TV Shows,A tv show about survival set in Argentina.
s160,Movie,Bright Code 160,,"Tilda Swinton, Tom Hardy, Zendaya",France,"October 21, 2019",2013,PG,146 min,"Action & Adventure, Crime TV Shows, Sci-Fi & Fantasy",A movie about family set in France.
s161,Movie,Silent Memory 161,Park Chan-wook,"Idris Elba, Mahershala Ali, Lupita Nyong'o, Zendaya",Indonesia,"January 02, 2013",2001,PG-13,77 min,Dramas,A movie about power set in Indonesia.
s162,TV Show,Broken Project 162,Mira Nair,,Indonesia,"September 06, 2020",1996,TV-PG,6 Seasons,TV Dramas,A tv show about family set in Indonesia.
s163,Movie,Bright Kingdom 163,Park Chan-wook,"Zendaya, Tom Hardy, Saoirse Ronan, Song Kang-ho",United Kingdom,"June 04, 2010",1990,TV-Y7,152 min,Stand-Up Comedy,A movie about survival set in United Kingdom.
s164,TV Show,Eternal Legacy 164,Spike Lee,"Idris Elba, Deepika Padukone, Viola Davis",India,"February 23, 2015",2006,TV-14,6 Season,"Romantic Movies, Comedies",A tv show about identity set in India.
s165,TV Show,Midnight Whisper 165,Mira Nair,"Riz Ahmed, Tilda Swinton",Turkey,"April 09, 2010",2011,R,7 Seasons,"Reality TV, Children & Family Movies, Sci-Fi & Fantasy",A tv show about family set in Turkey.
s166,Movie,Lost Shadow 166,Spike Lee,"Tom Hardy, Penelope Cruz, Viola Davis, Saoirse Ronan",Indonesia,"March 05, 2010",1991,PG-13,65 min,"Action & Adventure, Sci-Fi & Fantasy",A movie about survival set in Indonesia.
s167,Movie,Bright Hour 167,Park Chan-wook,"Mahershala Ali, Zendaya, Penelope Cruz",Egypt,"November 11, 2017",2019,PG-13,189 min,Documentaries,A movie about power set in Egypt.
s168,Movie,Midnight Hour 168,Pedro Almodovar,"Viola Davis, Riz Ahmed, Penelope Cruz",Turkey,"August 25, 2018",2005,TV-14,146 min,"International Movies, Korean TV Shows, Independent Movies",A movie about identity set in Turkey.
s169,Movie,Velvet Promise 169,,"Idris Elba, Song Kang-ho, Florence Pugh",India,"October 06, 2017",2002,TV-PG,197 min,"Crime TV Shows, Comedies",A movie about love set in India.
s170,Movie,Broken Legacy 170,Greta Gerwig,"Riz Ahmed, Viola Davis",France,"January 25, 2021",1996,NR,70 min,"Reality TV, TV Dramas",A movie about survival set in France.
s171,Movie,Iron Heart 171,Spike Lee,,France,"January 03, 2017",1992,PG,105 min,British TV Shows,A movie about family set in France.
s172,TV Show,Lost Whisper 172,Greta Gerwig,"Song Kang-ho, Riz Ahmed, Daniel Kaluuya, Shah Rukh Khan, Saoirse Ronan",Egypt,"March 13, 2015",2007,NR,2 Season,Stand-Up Comedy,A tv show about power set in Egypt.
s173,Movie,Frozen Project 173,Martin Scorsese,"Shah Rukh Khan, Saoirse Ronan, Mahershala Ali",France,"October 04, 2019",1991,R,59 min,International Movies,A movie about survival set in France.
s174,Movie,Eternal Memory 174,,"Florence Pugh, Tilda Swinton, Viola Davis, Zendaya, Tom Hardy",Argentina,"December 25, 2011",2020,PG,133 min,Children & Family Movies,A movie about power set in Argentina.
s175,TV Show,Midnight Storm 175,,,South Korea,"January 18, 2013",2003,TV-Y,9 Season,"Dramas, British TV Shows, Documentaries",A tv show about power set in South Korea.
s176,Movie,Sacred Empire 176,,"Lupita Nyong'o, Penelope Cruz, Zendaya, Idris Elba",South Korea,"September 05, 2019",2015,TV-MA,175 min,"TV Dramas, Reality TV, Sci-Fi & Fantasy",A movie about family set in South Korea.
s177,Movie,Wild Kingdom 177,Greta Gerwig,"Lupita Nyong'o, Tilda Swinton, Mahershala Ali, Zendaya",France,"May 22, 2013",1993,NR,148 min,"Crime TV Shows, Documentaries, Dramas",A movie about power set in France.
s178,Movie,Hidden Storm 178,Hayao Miyazaki,"Penelope Cruz, Idris Elba",Spain,"September 02, 2018",2012,TV-PG,187 min,Sci-Fi & Fantasy,A movie about love set in Spain.
s179,Movie,Golden Storm 179,Pedro Almodovar,"Tilda Swinton, Daniel Kaluuya, Viola Davis",Spain,"November 20, 2014",2016,PG,140 min,"Independent Movies, Sci-Fi & Fantasy",A movie about survival set in Spain.
s180,TV Show,Wild Empire 180,Mira Nair,"Daniel Kaluuya, Zendaya",Canada,"July 23, 2016",2009,TV-PG,3 Seasons,"Stand-Up Comedy, Independent Movies",A tv show about survival set in Canada.
s181,Movie,Dark Memory 181,,,Japan,"April 20, 2009",1990,R,88 min,"Romantic Movies, British TV Shows, Comedies",A movie about crime set in Japan.
s182,Movie,Iron Shadow 182,Spike Lee,"Penelope Cruz, Mahershala Ali",United States,"November 29, 2019",2002,,46 min,"Horror Movies, Music & Musicals, TV Dramas",A movie about family set in United States.
s183,Movie,Broken Legacy 183,Anurag Kashyap,,,"March 23, 2018",2011,TV-PG,132 min,"TV Dramas, Thrillers",A movie about crime set in an unnamed place.
s184,TV Show,Bright Truth 184,Bong Joon-ho,"Penelope Cruz, Mahershala Ali, Tom Hardy",Japan,"November 02, 2008",2014,PG-13,9 Seasons,"International Movies, Action & Adventure, Dramas",A tv show about love set in Japan.
s185,Movie,Broken Heart 185,Pedro Almodovar,"Penelope Cruz, Mahershala Ali, Tilda Swinton",Mexico,"April 07, 2010",2007,TV-PG,152 min,Korean TV Shows,A movie about power set in Mexico.
s186,Movie,Hidden Kingdom 186,Spike Lee,"Lupita Nyong'o, Riz Ahmed, Daniel Kaluuya",Brazil,"August 16, 2014",2000,TV-Y7,98 min,"British TV Shows, Crime TV Shows, Horror Movies",A movie about love set in Brazil.
s187,Movie,Midnight City 187,,"Saoirse Ronan, Viola Davis, Florence Pugh, Lupita Nyong'o, Zendaya",Canada,"March 08, 2013",2019,PG-13,112 min,"International Movies, Action & Adventure",A movie about crime set in Canada.
s188,TV Show,Dark Storm 188,Park Chan-wook,"Song Kang-ho, Riz Ahmed",India,,1998,TV-PG,6 Season,"Music & Musicals, Children & Family Movies",A tv show about power set in India.
s189,Movie,Dark Whisper 189,,"Lupita Nyong'o, Riz Ahmed, Penelope Cruz, Mahershala Ali, Deepika Padukone",Japan,"April 25, 2009",2000,NR,168 min,"Anime Series, Romantic Movies, TV Comedies",A movie about family set in Japan.
s190,Movie,Dark Hour 190,Ava DuVernay,"Daniel Kaluuya, Zendaya, Deepika Padukone",Turkey,"June 02, 2009",2006,TV-MA,179 min,"Independent Movies, Music & Musicals, Horror Movies",A movie about power set in Turkey.
s191,TV Show,Frozen Legacy 191,Mira Nair,,Spain,"August 18, 2016",1999,G,1 Season,Korean TV Shows,A tv show about survival set in Spain.
s192,TV Show,Dark Promise 192,,"Tilda Swinton, Saoirse Ronan, Tom Hardy",China,"January 16, 2017",2005,TV-Y7,8 Season,"Anime Series, Crime TV Shows",A tv show about love set in China.
s193,TV Show,Golden Hour 193,,"Tom Hardy, Riz Ahmed",Indonesia,"October 31, 2014",2003,TV-Y7,6 Season,Horror Movies,A tv show about survival set in Indonesia.
s194,Movie,Sacred Code 194,Ava DuVernay,"Song Kang-ho, Viola Davis, Florence Pugh, Tilda Swinton, Daniel Kaluuya",,"July 19, 2014",2013,TV-MA,87 min,"Documentaries, Stand-Up Comedy",A movie about love set in an unnamed place.
s195,Movie,Crimson Garden 195,,"Zendaya, Riz Ahmed, Florence Pugh",Australia,"April 18, 2017",1992,NR,76 min,"Anime Series, Independent Movies",A movie about identity set in Australia.
s196,Movie,Wild Empire 196,Martin Scorsese,"Daniel Kaluuya, Zendaya, Lupita Nyong'o, Florence Pugh, Shah Rukh Khan",Japan,"November 17, 2010",1996,NR,200 min,"Korean TV Shows, TV Comedies",A movie about survival set in Japan.
s197,TV Show,Bright Memory 197,Greta Gerwig,"Oscar Isaac, Deepika Padukone, Florence Pugh, Shah Rukh Khan",Indonesia,"June 28, 2019",2009,G,6 Seasons,"Thrillers, Music & Musicals, Independent Movies",A tv show about identity set in Indonesia.
s198,TV Show,Iron Whisper 198,Anurag Kashyap,"Tilda Swinton, Mahershala Ali, Viola Davis",China,"October 18, 2020",2016,G,5 Seasons,"Dramas, Korean TV Shows",A tv show about love set in China.
s199,Movie,Silent Empire 199,Bong Joon-ho,"Oscar Isaac, Tilda Swinton, Saoirse Ronan",India,"August 14, 2014",2003,TV-MA,136 min,"Action & Adventure, Reality TV",A movie about crime set in India.
s200,TV Show,Frozen Shadow 200,,"Viola Davis, Zendaya, Penelope Cruz, Riz Ahmed",Australia,"March 16, 2009",1990,R,8 Seasons,"TV Dramas, Independent Movies, Reality TV",A tv show about power set in Australia.
s201,Movie,Sacred Memory 201,Greta Gerwig,"Idris Elba, Shah Rukh Khan",Canada,"August 11, 2017",2007,TV-PG,86 min,"Children & Family Movies, Dramas, Crime TV Shows",A movie about survival set in Canada.
s202,TV Show,Silent Empire 202,,"Oscar Isaac, Deepika Padukone",China,"February 16, 2015",2004,G,2 Seasons,Stand-Up Comedy,A tv show about identity set in China.
s203,Movie,Midnight Whisper 203,,"Tilda Swinton, Idris Elba, Saoirse Ronan, Song Kang-ho",Indonesia,"August 03, 2020",1990,PG,159 min,Music & Musicals,A movie about identity set in Indonesia.
s204,Movie,Lost Hour 204,Hayao Miyazaki,"Florence Pugh, Saoirse Ronan",Mexico,,2013,G,159 min,"International Movies, Sci-Fi & Fantasy",A movie about power set in Mexico.
s205,Movie,Frozen Kingdom 205,Anurag Kashyap,"Shah Rukh Khan, Song Kang-ho",South Korea,"July 07, 2017",1996,TV-Y,63 min,"Documentaries, Dramas, Anime Series",A movie about power set in South Korea.
s206,Movie,Midnight Kingdom 206,,"Deepika Padukone, Zendaya",Italy,"January 26, 2017",2017,TV-Y,75 min,"Dramas, Comedies, International Movies",A movie about power set in Italy.
s207,TV Show,Eternal City 207,Greta Gerwig,"Shah Rukh Khan, Saoirse Ronan, Florence Pugh, Deepika Padukone",United States,"December 19, 2019",2004,TV-Y,9 Season,"Documentaries, Sci-Fi & Fantasy, TV Dramas",A tv show about love set in United States.
s208,Movie,Frozen Promise 208,,,China,"November 28, 2009",2009,PG,99 min,"Korean TV Shows, Documentaries",A movie about crime set in China.
s209,Movie,Velvet Project 209,Christopher Nolan,"Zendaya, Tilda Swinton",Mexico,"August 15, 2013",1996,NR,169 min,"TV Dramas, Documentaries",A movie about power set in Mexico.
s210,Movie,Midnight Storm 210,Bong Joon-ho,"Tilda Swinton, Oscar Isaac, Daniel Kaluuya, Saoirse Ronan, Mahershala Ali",Philippines,"February 04, 2015",2017,PG,108 min,Stand-Up Comedy,A movie about family set in Philippines.
s211,TV Show,Silent Hour 211,Spike Lee,"Oscar Isaac, Deepika Padukone, Lupita Nyong'o, Viola Davis",Indonesia,"April 17, 2014",1998,R,5 Seasons,"Comedies, Music & Musicals, Dramas",A tv show about identity set in Indonesia.
s212,Movie,Dark Code 212,Mira Nair,"Lupita Nyong'o, Daniel Kaluuya",China,"May 02, 2011",2013,NR,119 min,Anime Series,A movie about identity set in China.
s213,Movie,Broken Whisper 213,Park Chan-wook,"Saoirse Ronan, Deepika Padukone, Shah Rukh Khan",Philippines,"April 12, 2011",2020,TV-MA,101 min,"Horror Movies, Comedies",A movie about family set in Philippines.
s214,Movie,Lost Hour 214,,"Florence Pugh, Deepika Padukone, Zendaya, Tom Hardy",,"April 25, 2010",2007,PG-13,193 min,"Independent Movies, Romantic Movies, TV Comedies",A movie about power set in an unnamed place.
s215,Movie,Velvet Hour 215,Christopher Nolan,"Deepika Padukone, Lupita Nyong'o, Penelope Cruz, Idris Elba, Florence Pugh",Argentina,"February 24, 2008",1998,R,64 min,"Children & Family Movies, Thrillers, Documentaries",A movie about crime set in Argentina.
s216,Movie,Velvet Memory 216,Park Chan-wook,"Song Kang-ho, Deepika Padukone, Tilda Swinton, Zendaya",Philippines,"March 20, 2017",1991,TV-PG,191 min,"Romantic Movies, Documentaries, Korean TV Shows",A movie about love set in Philippines.
s217,TV Show,Silent Empire 217,,"Tom Hardy, Zendaya, Mahershala Ali, Riz Ahmed, Tilda Swinton",United Kingdom,"August 08, 2021",2020,TV-PG,4 Seasons,"Documentaries, Independent Movies, Romantic Movies",A tv show about identity set in United Kingdom.
s218,Movie,Hidden Promise 218,Denis Villeneuve,"Deepika Padukone, Penelope Cruz",Canada,,2016,NR,69 min,British TV Shows,A movie about identity set in Canada.
s219,Movie,Bright Truth 219,Christopher Nolan,,Indonesia,"January 10, 2008",2017,PG,56 min,"Korean TV Shows, Stand-Up Comedy, Horror Movies",A movie about survival set in Indonesia.
s220,TV Show,Broken Whisper 220,Ava DuVernay,"Riz Ahmed, Shah Rukh Khan",Spain,"November 17, 2009",2008,G,7 Season,Dramas,A tv show about identity set in Spain.
s221,Movie,Frozen Empire 221,Bong Joon-ho,"Riz Ahmed, Idris Elba, Viola Davis, Shah Rukh Khan",Philippines,"January 09, 2020",2017,NR,115 min,"TV Comedies, Thrillers, Stand-Up Comedy",A movie about identity set in Philippines.
s222,TV Show,Wild Promise 222,Pedro Almodovar,"Mahershala Ali, Florence Pugh, Daniel Kaluuya, Penelope Cruz",Canada,"January 06, 2018",2000,G,7 Seasons,"Music & Musicals, International Movies, Romantic Movies",A tv show about survival set in Canada.
s223,TV Show,Lost Truth 223,,"Shah Rukh Khan, Viola Davis, Saoirse Ronan, Song Kang-ho, Idris Elba",India,"December 26, 2016",2008,NR,1 Seasons,British TV Shows,A tv show about survival set in India.
s224,Movie,Dark Hour 224,Pedro Almodovar,"Deepika Padukone, Oscar Isaac",India,"January 03, 2008",2000,PG-13,147 min,"TV Comedies, Music & Musicals",A movie about identity set in India.
s225,Movie,Lost Memory 225,Christopher Nolan,"Mahershala Ali, Riz Ahmed, Saoirse Ronan, Song Kang-ho",South Korea,"January 22, 2017",1990,TV-Y,174 min,Reality TV,A movie about love set in South Korea.
s226,Movie,Eternal Kingdom 226,Greta Gerwig,"Zendaya, Penelope Cruz, Oscar Isaac, Deepika Padukone",Australia,"April 16, 2018",2019,TV-MA,168 min,Children & Family Movies,A movie about love set in Australia.
s227,Movie,Sacred Garden 227,Bong Joon-ho,"Mahershala Ali, Lupita Nyong'o, Zendaya, Tom Hardy, Daniel Kaluuya",Spain,"December 12, 2016",2011,TV-PG,166 min,"TV Dramas, Thrillers",A movie about identity set in Spain.
s228,Movie,Golden Hour 228,Bong Joon-ho,"Deepika Padukone, Mahershala Ali, Song Kang-ho",South Korea,"August 07, 2013",2012,TV-14,75 min,British TV Shows,A movie about identity set in South Korea.
s229,Movie,Dark Legacy 229,Spike Lee,"Daniel Kaluuya, Zendaya, Oscar Isaac, Saoirse Ronan",Nigeria,"December 24, 2012",1998,TV-Y,167 min,"International Movies, Korean TV Shows, TV Dramas",A movie about survival set in Nigeria.
s230,TV Show,Sacred Promise 230,Christopher Nolan,"Tilda Swinton, Mahershala Ali, Tom Hardy, Riz Ahmed, Daniel Kaluuya",Philippines,"February 10, 2016",2006,PG-13,4 Season,"Crime TV Shows, TV Dramas, Romantic Movies",A tv show about survival set in Philippines.
s231,Movie,Broken Memory 231,Denis Villeneuve,"Zendaya, Shah Rukh Khan, Oscar Isaac, Daniel Kaluuya",Spain,"January 20, 2014",2005,TV-Y,95 min,Documentaries,A movie about survival set in Spain.
s232,TV Show,Silent Shadow 232,Park Chan-wook,"Daniel Kaluuya, Saoirse Ronan, Zendaya, Lupita Nyong'o",India,"August 31, 2011",1993,PG-13,8 Seasons,Anime Series,A tv show about power set in India.
s233,Movie,Eternal Whisper 233,Greta Gerwig,"Song Kang-ho, Idris Elba, Riz Ahmed, Tilda Swinton, Oscar Isaac",Philippines,"January 28, 2020",2001,PG-13,135 min,"Korean TV Shows, British TV Shows",A movie about power set in Philippines.
s234,Movie,Midnight Shadow 234,Spike Lee,"Idris Elba, Tilda Swinton, Florence Pugh",Turkey,"October 26, 2020",2015,TV-14,65 min,Crime TV Shows,A movie about crime set in Turkey.
s235,Movie,Iron Storm 235,Mira Nair,"Zendaya, Florence Pugh, Riz Ahmed, Idris Elba",Nigeria,"April 14, 2017",2000,TV-MA,77 min,"Horror Movies, Children & Family Movies, Comedies",A movie about crime set in Nigeria.
s236,Movie,Midnight Kingdom 236,,"Tom Hardy, Florence Pugh",United Kingdom,"November 11, 2021",1999,TV-Y,124 min,Horror Movies,A movie about power set in United Kingdom.
s237,Movie,Iron Promise 237,,"Viola Davis, Tilda Swinton",Australia,"June 24, 2018",2007,TV-PG,183 min,Independent Movies,A movie about identity set in Australia.
s238,Movie,Golden Hour 238,Hayao Miyazaki,"Mahershala Ali, Deepika Padukone, Lupita Nyong'o, Song Kang-ho",Egypt,"March 30, 2017",2006,TV-MA,45 min,"Documentaries, TV Dramas, Sci-Fi & Fantasy",A movie about survival set in Egypt.
s239,Movie,Golden City 239,Spike Lee,"Oscar Isaac, Daniel Kaluuya, Song Kang-ho, Florence Pugh, Tom Hardy",South Korea,"July 28, 2020",2017,TV-PG,144 min,"Horror Movies, Children & Family Movies",A movie about love set in South Korea.
s240,Movie,Crimson Legacy 240,Mira Nair,"Oscar Isaac, Tilda Swinton, Mahershala Ali, Lupita Nyong'o",Turkey,"July 14, 2009",2001,TV-14,161 min,"Anime Series, Children & Family Movies, British TV Shows",A movie about crime set in Turkey.
s241,Movie,Silent Empire 241,Martin Scorsese,"Oscar Isaac, Saoirse Ronan",Egypt,"March 22, 2013",1995,TV-Y7,100 min,"Stand-Up Comedy, Sci-Fi & Fantasy",A movie about survival set in Egypt.
s242,TV Show,Wild Memory 242,Denis Villeneuve,,France,"October 19, 2016",1994,TV-PG,4 Seasons,"TV Comedies, Dramas",A tv show about love set in France.
s243,TV Show,Golden Garden 243,Spike Lee,"Penelope Cruz, Deepika Padukone",Canada,"September 03, 2012",2020,PG-13,6 Season,"International Movies, Reality TV, Korean TV Shows",A tv show about love set in Canada.
s244,Movie,Iron Storm 244,,"Song Kang-ho, Daniel Kaluuya, Tilda Swinton",United States,"March 11, 2014",1997,R,47 min,Independent Movies,A movie about power set in United States.
s245,Movie,Velvet Promise 245,Christopher Nolan,"Shah Rukh Khan, Tilda Swinton, Oscar Isaac, Idris Elba, Zendaya",,"June 14, 2011",1996,R,126 min,"TV Dramas, Anime Series, Thrillers",A movie about love set in an unnamed place.
s246,Movie,Eternal Memory 246,,"Zendaya, Lupita Nyong'o, Saoirse Ronan, Daniel Kaluuya, Mahershala Ali",Philippines,"October 19, 2015",2010,PG-13,198 min,"Romantic Movies, Comedies, Korean TV Shows",A movie about crime set in Philippines.
s247,Movie,Dark Storm 247,Spike Lee,,Italy,"June 02, 2008",2013,R,127 min,"Comedies, Reality TV, TV Comedies",A movie about crime set in Italy.
s248,Movie,Wild Truth 248,Mira Nair,"Tilda Swinton, Viola Davis, Zendaya, Lupita Nyong'o, Daniel Kaluuya",,"November 29, 2010",2001,R,72 min,"Thrillers, Action & Adventure",A movie about love set in an unnamed place.
s249,Movie,Dark Shadow 249,Pedro Almodovar,"Viola Davis, Idris Elba, Song Kang-ho, Oscar Isaac",United States,"September 05, 2012",2021,TV-14,164 min,"International Movies, TV Dramas, Reality TV",A movie about power set in United States.
s250,TV Show,Broken Project 250,Ava DuVernay,,Nigeria,"July 30, 2009",2009,R,9 Season,"Horror Movies, Reality TV, TV Comedies",A tv show about crime set in Nigeria.
s251,Movie,Iron Garden 251,Anurag Kashyap,"Song Kang-ho, Florence Pugh, Tilda Swinton, Oscar Isaac, Idris Elba",Turkey,"September 28, 2011",2001,G,131 min,"Romantic Movies, Reality TV, Anime Series",A movie about family set in Turkey.
s252,TV Show,Frozen Whisper 252,Hayao Miyazaki,"Tilda Swinton, Oscar Isaac, Song Kang-ho, Zendaya, Lupita Nyong'o",China,"September 12, 2013",2013,TV-Y7,7 Season,Sci-Fi & Fantasy,A tv show about identity set in China.
s253,Movie,Silent City 253,Greta Gerwig,"Tilda Swinton, Tom Hardy, Florence Pugh",Germany,"June 20, 2019",1999,TV-Y7,136 min,Documentaries,A movie about family set in Germany.
s254,Movie,Velvet Garden 254,,"Florence Pugh, Oscar Isaac",United Kingdom,"October 27, 2018",2001,NR,69 min,"Sci-Fi & Fantasy, International Movies, TV Comedies",A movie about love set in United Kingdom.
s255,TV Show,Bright Truth 255,Hayao Miyazaki,"Deepika Padukone, Mahershala Ali",Indonesia,"July 30, 2016",1993,TV-MA,6 Seasons,Crime TV Shows,A tv show about identity set in Indonesia.
s256,Movie,Silent Empire 256,Hayao Miyazaki,"Deepika Padukone, Penelope Cruz",Italy,"July 16, 2015",1995,TV-MA,185 min,"Children & Family Movies, Comedies",A movie about survival set in Italy.
s257,Movie,Sacred Memory 257,,"Daniel Kaluuya, Penelope Cruz, Tilda Swinton",China,"October 04, 2019",2005,PG-13,155 min,"Independent Movies, Comedies",A movie about love set in China.
s258,Movie,Broken Whisper 258,Denis Villeneuve,"Oscar Isaac, Shah Rukh Khan",Indonesia,"December 01, 2017",1999,R,96 min,"TV Dramas, Documentaries, Comedies",A movie about love set in Indonesia.
s259,TV Show,Crimson Code 259,Greta Gerwig,,Canada,"July 26, 2018",1991,G,4 Season,"Children & Family Movies, Reality TV, British TV Shows",A tv show about identity set in Canada.
s260,TV Show,Silent Memory 260,Martin Scorsese,"Lupita Nyong'o, Shah Rukh Khan",,"November 10, 2021",2007,TV-MA,2 Season,"TV Dramas, Action & Adventure",A tv show about love set in an unnamed place.
s261,Movie,Bright Hour 261,Hayao Miyazaki,"Tilda Swinton, Deepika Padukone",China,"June 17, 2012",2019,TV-MA,55 min,Korean TV Shows,A movie about family set in China.
s262,Movie,Broken Memory 262,,"Mahershala Ali, Tilda Swinton, Saoirse Ronan, Song Kang-ho",Nigeria,"May 22, 2009",2006,TV-MA,187 min,"Horror Movies, Documentaries",A movie about family set in Nigeria.
s263,TV Show,Iron Promise 263,,"Riz Ahmed, Song Kang-ho, Oscar Isaac",Mexico,"May 21, 2015",2018,R,3 Seasons,"Thrillers, Documentaries, Sci-Fi & Fantasy",A tv show about power set in Mexico.
s264,TV Show,Frozen City 264,,"Idris Elba, Daniel Kaluuya, Viola Davis",Canada,"April 07, 2011",1991,TV-Y,7 Season,"Children & Family Movies, Documentaries, Thrillers",A tv show about love set in Canada.
s265,Movie,Lost Truth 265,Mira Nair,"Deepika Padukone, Song Kang-ho, Tilda Swinton",,"September 09, 2018",1998,NR,165 min,"TV Dramas, Romantic Movies, TV Comedies",A movie about survival set in an unnamed place.
s266,Movie,Silent Garden 266,,"Lupita Nyong'o, Penelope Cruz",South Korea,"June 25, 2009",2001,TV-Y7,170 min,"Crime TV Shows, Anime Series, Horror Movies",A movie about survival set in South Korea.
s267,Movie,Lost Code 267,Hayao Miyazaki,"Viola Davis, Lupita Nyong'o, Daniel Kaluuya, Deepika Padukone, Florence Pugh",India,"July 05, 2013",2015,TV-MA,187 min,"Korean TV Shows, International Movies",A movie about crime set in India.
s268,Movie,Broken City 268,Greta Gerwig,"Oscar Isaac, Daniel Kaluuya, Tom Hardy, Mahershala Ali, Lupita Nyong'o",Egypt,"February 17, 2018",1995,TV-14,91 min,"Reality TV, Documentaries, TV Comedies",A movie about survival set in Egypt.
s269,Movie,Lost Promise 269,Ava DuVernay,"Shah Rukh Khan, Saoirse Ronan, Idris Elba, Mahershala Ali, Tilda Swinton",Japan,"October 09, 2010",1995,TV-Y7,137 min,Korean TV Shows,A movie about power set in Japan.
s270,Movie,Sacred Legacy 270,Anurag Kashyap,"Viola Davis, Florence Pugh, Shah Rukh Khan, Idris Elba, Oscar Isaac",France,"March 30, 2011",2001,TV-MA,152 min,"Sci-Fi & Fantasy, Anime Series",A movie about family set in France.
s271,Movie,Midnight City 271,,"Tom Hardy, Deepika Padukone, Zendaya, Riz Ahmed",United States,"January 25, 2019",2005,TV-Y7,161 min,"Anime Series, Comedies",A movie about identity set in United States.
s272,Movie,Crimson City 272,Mira Nair,"Viola Davis, Shah Rukh Khan, Zendaya",,"April 05, 2011",1992,NR,121 min,"Comedies, International Movies",A movie about love set in an unnamed place.
s273,Movie,Silent Promise 273,Mira Nair,"Zendaya, Mahershala Ali, Oscar Isaac",India,"September 17, 2014",2010,TV-Y,62 min,"Reality TV, Comedies",A movie about family set in India.
s274,Movie,Midnight Memory 274,Denis Villeneuve,"Penelope Cruz, Oscar Isaac, Tom Hardy",Nigeria,"November 06, 2018",2008,PG,111 min,"Independent Movies, TV Dramas, Documentaries",A movie about identity set in Nigeria.
s275,Movie,Frozen Memory 275,Spike Lee,"Oscar Isaac, Song Kang-ho, Tom Hardy",Egypt,"August 24, 2010",2003,TV-Y,150 min,Crime TV Shows,A movie about family set in Egypt.
s276,Movie,Iron Garden 276,,"Lupita Nyong'o, Florence Pugh, Viola Davis, Saoirse Ronan",China,"February 20, 2008",1997,PG,146 min,"Independent Movies, Dramas, Romantic Movies",A movie about crime set in China.
s277,Movie,Eternal City 277,Spike Lee,"Daniel Kaluuya, Shah Rukh Khan, Tilda Swinton",China,"May 16, 2018",2016,TV-MA,178 min,"Independent Movies, Crime TV Shows",A movie about identity set in China.
s278,Movie,Crimson Code 278,Denis Villeneuve,,United States,"May 31, 2016",2000,TV-Y,92 min,"Action & Adventure, Sci-Fi & Fantasy, Crime TV Shows",A movie about power set in United States.
s279,Movie,Broken Kingdom 279,Bong Joon-ho,"Penelope Cruz, Lupita Nyong'o, Saoirse Ronan, Shah Rukh Khan",India,"January 28, 2010",2018,TV-Y7,173 min,Thrillers,A movie about family set in India.
s280,TV Show,Golden Project 280,Denis Villeneuve,"Saoirse Ronan, Song Kang-ho",Egypt,"September 19, 2019",1997,,1 Seasons,"Comedies, Crime TV Shows, Anime Series",A tv show about love set in Egypt.
s281,Movie,Sacred Hour 281,Martin Scorsese,"Penelope Cruz, Idris Elba, Song Kang-ho, Riz Ahmed",China,"November 22, 2017",1997,TV-PG,115 min,Dramas,A movie about identity set in China.
s282,Movie,Midnight Garden 282,Pedro Almodovar,"Oscar Isaac, Daniel Kaluuya, Song Kang-ho",Mexico,"August 06, 2015",2018,TV-MA,165 min,"International Movies, Action & Adventure, TV Comedies",A movie about love set in Mexico.
s283,Movie,Broken Promise 283,Mira Nair,"Mahershala Ali, Saoirse Ronan, Idris Elba, Song Kang-ho, Daniel Kaluuya",China,"June 11, 2018",1998,TV-Y7,69 min,"Sci-Fi & Fantasy, Anime Series",A movie about survival set in China.
s284,Movie,Crimson Promise 284,Mira Nair,"Florence Pugh, Shah Rukh Khan, Mahershala Ali, Tilda Swinton",Australia,"September 04, 2008",1994,PG,167 min,"Romantic Movies, Sci-Fi & Fantasy",A movie about family set in Australia.
s285,Movie,Silent Legacy 285,,"Tilda Swinton, Lupita Nyong'o",Mexico,"December 27, 2016",2016,R,185 min,British TV Shows,A movie about survival set in Mexico.
s286,Movie,Crimson Project 286,Hayao Miyazaki,"Tilda Swinton, Lupita Nyong'o, Mahershala Ali, Song Kang-ho, Shah Rukh Khan",United Kingdom,"November 16, 2020",2021,NR,163 min,"Reality TV, Action & Adventure",A movie about survival set in United Kingdom.
s287,Movie,Broken Kingdom 287,Park Chan-wook,"Tilda Swinton, Deepika Padukone, Daniel Kaluuya, Riz Ahmed, Tom Hardy",France,"January 02, 2008",1999,TV-Y7,181 min,"TV Comedies, Independent Movies",A movie about survival set in France.
s288,Movie,Iron City 288,Mira Nair,"Riz Ahmed, Mahershala Ali, Idris Elba, Viola Davis",Indonesia,"January 24, 2017",1998,TV-MA,139 min,"International Movies, Dramas, Reality TV",A movie about family set in Indonesia.
s289,Movie,Hidden Project 289,,"Tilda Swinton, Mahershala Ali, Penelope Cruz, Riz Ahmed, Florence Pugh",South Korea,"August 26, 2018",1998,TV-Y,137 min,"Documentaries, Sci-Fi & Fantasy",A movie about power set in South Korea.
s290,Movie,Lost Kingdom 290,Anurag Kashyap,"Riz Ahmed, Shah Rukh Khan, Viola Davis, Zendaya, Tilda Swinton",Egypt,"July 22, 2021",2017,TV-Y7,175 min,"Reality TV, Anime Series",A movie about survival set in Egypt.
s291,Movie,Silent Shadow 291,Mira Nair,"Lupita Nyong'o, Penelope Cruz, Daniel Kaluuya",India,"September 28, 2020",2020,TV-14,193 min,"Comedies, Documentaries",A movie about power set in India.
s292,TV Show,Dark Truth 292,Spike Lee,"Deepika Padukone, Daniel Kaluuya",United Kingdom,"February 04, 2020",2009,PG,9 Seasons,"Anime Series, Korean TV Shows",A tv show about survival set in United Kingdom.
s293,Movie,Eternal Shadow 293,Greta Gerwig,"Oscar Isaac, Mahershala Ali",Germany,"August 12, 2018",2000,PG-13,51 min,"British TV Shows, Comedies",A movie about crime set in Germany.
s294,Movie,Dark Truth 294,Anurag Kashyap,"Lupita Nyong'o, Tom Hardy, Mahershala Ali, Viola Davis",Philippines,"January 06, 2018",2013,PG-13,105 min,"Romantic Movies, Korean TV Shows",A movie about love set in Philippines.
s295,Movie,Midnight Promise 295,Anurag Kashyap,"Florence Pugh, Song Kang-ho, Tilda Swinton, Deepika Padukone, Mahershala Ali",South Korea,"September 27, 2015",1993,TV-14,58 min,Anime Series,A movie about survival set in South Korea.
s296,Movie,Wild Memory 296,Pedro Almodovar,"Daniel Kaluuya, Saoirse Ronan, Shah Rukh Khan, Lupita Nyong'o, Penelope Cruz",,"January 24, 2018",2014,G,55 min,Reality TV,A movie about power set in an unnamed place.
s297,Movie,Dark Shadow 297,Park Chan-wook,"Lupita Nyong'o, Saoirse Ronan, Florence Pugh, Viola Davis",Philippines,"June 03, 2013",2002,TV-PG,125 min,"Dramas, Music & Musicals, Comedies",A movie about love set in Philippines.
s298,Movie,Frozen Kingdom 298,Denis Villeneuve,"Lupita Nyong'o, Song Kang-ho, Tom Hardy, Riz Ahmed",India,"November 11, 2012",1997,TV-14,67 min,"Documentaries, TV Comedies, Romantic Movies",A movie about love set in India.
s299,Movie,Hidden Storm 299,Christopher Nolan,"Riz Ahmed, Mahershala Ali, Tilda Swinton, Florence Pugh",Germany,"August 29, 2009",2007,TV-Y,144 min,"International Movies, Children & Family Movies",A movie about family set in Germany.
s300,Movie,Midnight Heart 300,Bong Joon-ho,"Daniel Kaluuya, Viola Davis, Shah Rukh Khan",Turkey,"May 20, 2010",2018,TV-14,53 min,Comedies,A movie about identity set in Turkey.
s301,TV Show,Sacred Heart 301,,"Viola Davis, Tilda Swinton",France,"October 10, 2016",1990,TV-Y7,8 Seasons,"Comedies, Reality TV, Horror Movies",A tv show about love set in France.
s302,Movie,Golden Project 302,Christopher Nolan,"Tilda Swinton, Daniel Kaluuya, Saoirse Ronan, Penelope Cruz",,"January 12, 2010",2013,PG,65 min,"Sci-Fi & Fantasy, Thrillers",A movie about crime set in an unnamed place.
s303,Movie,Broken Hour 303,,"Mahershala Ali, Deepika Padukone",Egypt,"February 20, 2011",1992,NR,106 min,"TV Comedies, Comedies",A movie about identity set in Egypt.
s304,Movie,Wild Legacy 304,Spike Lee,"Viola Davis, Idris Elba",,"December 16, 2008",2015,G,162 min,"Reality TV, Documentaries, Horror Movies",A movie about love set in an unnamed place.
s305,Movie,Silent Heart 305,Spike Lee,"Deepika Padukone, Mahershala Ali",United States,"February 13, 2009",2009,TV-14,161 min,"Romantic Movies, Independent Movies, Comedies",A movie about love set in United States.
s306,Movie,Velvet Truth 306,Christopher Nolan,"Tilda Swinton, Florence Pugh, Riz Ahmed, Mahershala Ali, Daniel Kaluuya",Canada,"December 01, 2020",1998,R,56 min,"Romantic Movies, Crime TV Shows, Comedies",A movie about love set in Canada.
s307,Movie,Sacred Shadow 307,,"Zendaya, Song Kang-ho, Oscar Isaac",,"September 26, 2021",2014,TV-MA,169 min,Dramas,A movie about love set in an unnamed place.
s308,Movie,Midnight Memory 308,Greta Gerwig,"Saoirse Ronan, Song Kang-ho, Shah Rukh Khan, Tilda Swinton, Daniel Kaluuya",Turkey,"November 30, 2011",1992,TV-Y7,67 min,"Sci-Fi & Fantasy, TV Dramas, Stand-Up Comedy",A movie about love set in Turkey.
s309,Movie,Crimson Kingdom 309,Christopher Nolan,"Zendaya, Florence Pugh, Tilda Swinton",Germany,"July 12, 2010",1999,TV-Y7,172 min,Romantic Movies,A movie about power set in Germany.
s310,TV Show,Lost Hour 310,Bong Joon-ho,"Zendaya, Tom Hardy, Viola Davis, Mahershala Ali",,"July 18, 2011",1991,TV-14,2 Seasons,"Anime Series, Independent Movies, Crime TV Shows",A tv show about survival set in an unnamed place.
s311,Movie,Iron City 311,Christopher Nolan,"Deepika Padukone, Mahershala Ali",South Korea,"December 12, 2012",1994,TV-Y7,58 min,"Documentaries, Thrillers",A movie about identity set in South Korea.
s312,Movie,Broken Whisper 312,,"Lupita Nyong'o, Song Kang-ho, Idris Elba, Shah Rukh Khan",,"April 17, 2014",1998,TV-Y7,162 min,"Romantic Movies, Crime TV Shows",A movie about crime set in an unnamed place.
s313,TV Show,Velvet Promise 313,Park Chan-wook,"Deepika Padukone, Viola Davis, Penelope Cruz",Argentina,"November 08, 2012",2020,PG-13,1 Seasons,"Horror Movies, Music & Musicals, Crime TV Shows",A tv show about survival set in Argentina.
s314,Movie,Bright City 314,Anurag Kashyap,"Riz Ahmed, Tom Hardy",,"April 23, 2019",1992,TV-Y,167 min,"Action & Adventure, Anime Series, British TV Shows",A movie about crime set in an unnamed place.
s315,Movie,Sacred Empire 315,Hayao Miyazaki,"Mahershala Ali, Saoirse Ronan, Song Kang-ho",United Kingdom,,2009,TV-Y7,191 min,"Independent Movies, Dramas, Anime Series",A movie about survival set in United Kingdom.
s316,TV Show,Dark Memory 316,Denis Villeneuve,"Shah Rukh Khan, Penelope Cruz",Australia,"August 26, 2014",2017,NR,9 Seasons,Comedies,A tv show about identity set in Australia.
s317,TV Show,Golden City 317,,"Viola Davis, Daniel Kaluuya, Penelope Cruz, Idris Elba",India,"December 06, 2011",1994,R,3 Seasons,Reality TV,A tv show about love set in India.
s318,Movie,Golden Truth 318,Ava DuVernay,"Tilda Swinton, Idris Elba, Saoirse Ronan",Turkey,"June 03, 2009",2013,TV-Y7,173 min,"Action & Adventure, British TV Shows, Reality TV",A movie about power set in Turkey.
s319,TV Show,Bright Storm 319,Denis Villeneuve,"Penelope Cruz, Zendaya",United Kingdom,"January 04, 2012",2008,TV-14,2 Season,Documentaries,A tv show about survival set in United Kingdom.
s320,Movie,Crimson Legacy 320,Martin Scorsese,"Daniel Kaluuya, Idris Elba, Penelope Cruz",United States,"May 30, 2009",1991,R,178 min,"Crime TV Shows, Stand-Up Comedy, Music & Musicals",A movie about power set in United States.
s321,Movie,Eternal Heart 321,Ava DuVernay,"Zendaya, Saoirse Ronan, Oscar Isaac, Shah Rukh Khan, Daniel Kaluuya",Germany,"May 04, 2016",2008,TV-MA,82 min,"Sci-Fi & Fantasy, Anime Series",A movie about crime set in Germany.
s322,Movie,Silent Memory 322,Anurag Kashyap,"Idris Elba, Song Kang-ho, Viola Davis",,"November 02, 2010",2018,TV-PG,97 min,"International Movies, Crime TV Shows, TV Dramas",A movie about crime set in an unnamed place.
s323,Movie,Frozen Promise 323,Christopher Nolan,"Daniel Kaluuya, Florence Pugh, Shah Rukh Khan, Deepika Padukone, Idris Elba",China,"June 06, 2015",2008,PG-13,191 min,"Documentaries, Independent Movies, Anime Series",A movie about family set in China.
s324,Movie,Golden Heart 324,Anurag Kashyap,"Oscar Isaac, Tom Hardy",Spain,"January 27, 2010",2010,R,194 min,"Horror Movies, Children & Family Movies, Thrillers",A movie about love set in Spain.
s325,Movie,Dark Heart 325,Christopher Nolan,"Penelope Cruz, Deepika Padukone, Idris Elba, Oscar Isaac, Florence Pugh",India,"February 05, 2016",2015,TV-Y,139 min,"TV Dramas, Dramas",A movie about family set in India.
s326,Movie,Hidden Heart 326,Christopher Nolan,"Riz Ahmed, Florence Pugh, Deepika Padukone, Saoirse Ronan, Shah Rukh Khan",Turkey,"April 16, 2017",1998,NR,67 min,Thrillers,A movie about family set in Turkey.
s327,Movie,Dark Legacy 327,Christopher Nolan,"Shah Rukh Khan, Tom Hardy, Penelope Cruz, Tilda Swinton, Saoirse Ronan",China,"September 26, 2020",1998,TV-Y,119 min,"British TV Shows, International Movies, Sci-Fi & Fantasy",A movie about identity set in China.
s328,Movie,Frozen Memory 328,Martin Scorsese,"Lupita Nyong'o, Saoirse Ronan, Tilda Swinton",Argentina,"June 14, 2014",2016,R,52 min,Children & Family Movies,A movie about survival set in Argentina.
s329,TV Show,Midnight Code 329,Mira Nair,"Lupita Nyong'o, Tilda Swinton, Zendaya, Deepika Padukone, Mahershala Ali",Brazil,"November 25, 2020",1991,TV-PG,1 Season,"Documentaries, TV Dramas",A tv show about crime set in Brazil.
s330,Movie,Eternal Shadow 330,Denis Villeneuve,,United Kingdom,"February 10, 2012",1996,TV-PG,184 min,"Crime TV Shows, Sci-Fi & Fantasy",A movie about family set in United Kingdom.
s331,Movie,Golden Whisper 331,,"Tom Hardy, Shah Rukh Khan, Lupita Nyong'o",Argentina,"August 28, 2011",1996,G,101 min,Reality TV,A movie about identity set in Argentina.
s332,Movie,Frozen Project 332,Pedro Almodovar,"Riz Ahmed, Deepika Padukone",Canada,"May 22, 2008",2020,PG,80 min,"Music & Musicals, Korean TV Shows",A movie about family set in Canada.
s333,Movie,Hidden Empire 333,Christopher Nolan,"Deepika Padukone, Saoirse Ronan, Shah Rukh Khan",United Kingdom,"July 04, 2010",1994,,168 min,"International Movies, Thrillers",A movie about love set in United Kingdom.
s334,Movie,Iron Legacy 334,Spike Lee,"Viola Davis, Daniel Kaluuya, Saoirse Ronan, Tilda Swinton",,"October 11, 2010",2003,R,92 min,"TV Dramas, Dramas, Comedies",A movie about crime set in an unnamed place.
s335,TV Show,Hidden Code 335,Anurag Kashyap,"Shah Rukh Khan, Viola Davis, Riz Ahmed",United States,"April 18, 2012",2008,G,1 Seasons,Thrillers,A tv show about identity set in United States.
s336,TV Show,Wild Whisper 336,Anurag Kashyap,"Idris Elba, Riz Ahmed",Italy,"July 14, 2019",2004,PG,2 Seasons,"Documentaries, British TV Shows, TV Dramas",A tv show about power set in Italy.
s337,Movie,Golden Empire 337,,"Oscar Isaac, Deepika Padukone, Daniel Kaluuya, Mahershala Ali, Saoirse Ronan",Egypt,"February 18, 2017",2008,TV-Y,93 min,British TV Shows,A movie about power set in Egypt.
s338,Movie,Lost Hour 338,Christopher Nolan,"Song Kang-ho, Shah Rukh Khan",Philippines,"October 14, 2011",1994,R,131 min,Music & Musicals,A movie about survival set in Philippines.
s339,Movie,Dark Shadow 339,Greta Gerwig,"Florence Pugh, Idris Elba, Deepika Padukone, Tilda Swinton",Italy,"June 21, 2019",2007,TV-Y7,72 min,Children & Family Movies,A movie about survival set in Italy.
s340,Movie,Iron Promise 340,,"Daniel Kaluuya, Tilda Swinton",,"July 23, 2021",2010,NR,69 min,Korean TV Shows,A movie about survival set in an unnamed place.
s341,TV Show,Crimson Storm 341,Spike Lee,"Tom Hardy, Florence Pugh, Daniel Kaluuya, Penelope Cruz",Canada,"January 20, 2015",2014,TV-MA,1 Season,"Sci-Fi & Fantasy, Romantic Movies, British TV Shows",A tv show about survival set in Canada.
s342,Movie,Golden Shadow 342,Christopher Nolan,"Daniel Kaluuya, Deepika Padukone, Lupita Nyong'o, Shah Rukh Khan, Riz Ahmed",,"April 03, 2021",2014,PG,117 min,"International Movies, Dramas",A movie about identity set in an unnamed place.
s343,Movie,Dark Whisper 343,Ava DuVernay,"Florence Pugh, Viola Davis, Penelope Cruz, Idris Elba",Turkey,"June 23, 2013",2005,PG-13,196 min,Comedies,A movie about family set in Turkey.
s344,Movie,Silent Empire 344,Martin Scorsese,"Riz Ahmed, Saoirse Ronan, Tom Hardy, Mahershala Ali, Deepika Padukone",Australia,"October 02, 2016",2010,TV-Y7,70 min,"Thrillers, Crime TV Shows, British TV Shows",A movie about identity set in Australia.
s345,TV Show,Iron Whisper 345,,"Penelope Cruz, Deepika Padukone, Tilda Swinton, Florence Pugh, Viola Davis",China,"December 12, 2013",1993,NR,7 Seasons,"Comedies, Independent Movies, Action & Adventure",A tv show about identity set in China.
s346,Movie,Midnight Code 346,Spike Lee,"Shah Rukh Khan, Tilda Swinton, Riz Ahmed, Saoirse Ronan",Mexico,"February 10, 2020",2010,TV-Y,109 min,"Korean TV Shows, Anime Series, Reality TV",A movie about crime set in Mexico.
s347,TV Show,Iron Memory 347,Anurag Kashyap,"Zendaya, Saoirse Ronan, Tilda Swinton",Indonesia,"September 23, 2017",1993,PG,8 Season,Sci-Fi & Fantasy,A tv show about survival set in Indonesia.
s348,Movie,Dark Project 348,Park Chan-wook,"Lupita Nyong'o, Riz Ahmed, Saoirse Ronan, Tilda Swinton, Shah Rukh Khan",Indonesia,"May 07, 2013",1997,TV-MA,107 min,"Anime Series, British TV Shows",A movie about identity set in Indonesia.
s349,TV Show,Broken Hour 349,Bong Joon-ho,"Tom Hardy, Saoirse Ronan, Florence Pugh",China,"December 11, 2008",2021,TV-MA,2 Season,"Comedies, Stand-Up Comedy",A tv show about family set in China.
s350,Movie,Bright Kingdom 350,Ava DuVernay,"Song Kang-ho, Oscar Isaac, Mahershala Ali",Canada,"January 06, 2021",2006,TV-14,105 min,"Action & Adventure, Crime TV Shows, Independent Movies",A movie about identity set in Canada.
s351,TV Show,Sacred Memory 351,Hayao Miyazaki,"Idris Elba, Song Kang-ho",Egypt,"March 22, 2021",1993,PG,2 Season,"British TV Shows, Horror Movies",A tv show about family set in Egypt.
s352,TV Show,Bright Promise 352,Ava DuVernay,"Tom Hardy, Tilda Swinton, Oscar Isaac, Daniel Kaluuya",India,"May 17, 2013",2006,PG-13,6 Seasons,"Action & Adventure, Reality TV, Horror Movies",A tv show about survival set in India.
s353,Movie,Bright Shadow 353,Greta Gerwig,"Oscar Isaac, Song Kang-ho, Riz Ahmed",Egypt,"February 10, 2017",1992,TV-14,170 min,"Stand-Up Comedy, Crime TV Shows",A movie about power set in Egypt.
s354,Movie,Bright Project 354,,"Shah Rukh Khan, Idris Elba, Penelope Cruz, Oscar Isaac",China,"March 02, 2018",1991,TV-PG,158 min,"Documentaries, Dramas, TV Comedies",A movie about crime set in China.
s355,Movie,Eternal Code 355,,"Riz Ahmed, Florence Pugh, Idris Elba",France,"April 20, 2021",2010,R,66 min,"TV Dramas, Romantic Movies",A movie about survival set in France.
s356,TV Show,Dark City 356,Martin Scorsese,"Shah Rukh Khan, Deepika Padukone, Song Kang-ho",Japan,"November 10, 2021",2017,TV-PG,2 Seasons,Independent Movies,A tv show about love set in Japan.
s357,Movie,Frozen Shadow 357,Spike Lee,"Song Kang-ho, Daniel Kaluuya, Mahershala Ali, Zendaya, Florence Pugh",Germany,"January 31, 2019",2014,R,198 min,Sci-Fi & Fantasy,A movie about power set in Germany.
s358,Movie,Broken Promise 358,Anurag Kashyap,,Spain,"July 27, 2013",2013,TV-Y7,66 min,British TV Shows,A movie about crime set in Spain.
s359,TV Show,Golden Shadow 359,Ava DuVernay,"Lupita Nyong'o, Viola Davis, Zendaya, Daniel Kaluuya, Tom Hardy",,"July 24, 2018",2012,NR,1 Season,"Music & Musicals, TV Comedies, Sci-Fi & Fantasy",A tv show about survival set in an unnamed place.
s360,Movie,Silent City 360,Mira Nair,"Daniel Kaluuya, Zendaya, Idris Elba",France,"November 24, 2019",2017,TV-14,125 min,Documentaries,A movie about survival set in France.
s361,TV Show,Dark Storm 361,Hayao Miyazaki,"Lupita Nyong'o, Daniel Kaluuya, Idris Elba, Penelope Cruz",Australia,"January 07, 2019",1999,TV-Y7,1 Season,Horror Movies,A tv show about crime set in Australia.
s362,Movie,Hidden Promise 362,Hayao Miyazaki,"Viola Davis, Deepika Padukone, Idris Elba, Mahershala Ali, Lupita Nyong'o",Argentina,"April 27, 2011",1997,R,117 min,Romantic Movies,A movie about power set in Argentina.
s363,Movie,Hidden Code 363,Mira Nair,"Idris Elba, Penelope Cruz",Spain,"February 11, 2010",2011,TV-14,145 min,"Independent Movies, Action & Adventure",A movie about family set in Spain.
s364,Movie,Midnight Heart 364,Park Chan-wook,"Tom Hardy, Idris Elba, Daniel Kaluuya, Tilda Swinton",Egypt,"October 06, 2020",1998,TV-MA,117 min,"International Movies, Comedies",A movie about identity set in Egypt.
s365,TV Show,Broken Kingdom 365,Anurag Kashyap,"Shah Rukh Khan, Tom Hardy, Riz Ahmed, Song Kang-ho, Daniel Kaluuya",Italy,"June 16, 2011",1997,TV-Y,5 Seasons,"Documentaries, TV Dramas, Action & Adventure",A tv show about family set in Italy.
s366,Movie,Wild Heart 366,Spike Lee,"Shah Rukh Khan, Florence Pugh, Penelope Cruz, Zendaya, Idris Elba",Turkey,"January 31, 2010",1992,TV-Y7,102 min,"Documentaries, British TV Shows, Korean TV Shows",A movie about power set in Turkey.
s367,Movie,Midnight Storm 367,Christopher Nolan,"Oscar Isaac, Shah Rukh Khan, Zendaya, Tilda Swinton, Saoirse Ronan",Nigeria,"October 01, 2020",1993,TV-MA,176 min,Korean TV Shows,A movie about survival set in Nigeria.
s368,Movie,Wild Hour 368,Greta Gerwig,"Tom Hardy, Viola Davis",Egypt,"February 01, 2012",2015,TV-Y,121 min,"Independent Movies, Anime Series",A movie about power set in Egypt.
s369,Movie,Sacred Storm 369,Anurag Kashyap,"Lupita Nyong'o, Riz Ahmed",Turkey,"February 17, 2008",2015,TV-PG,167 min,"TV Comedies, British TV Shows",A movie about family set in Turkey.
s370,Movie,Velvet Whisper 370,Ava DuVernay,"Shah Rukh Khan, Daniel Kaluuya, Zendaya, Tom Hardy",United States,"March 21, 2012",1991,TV-PG,106 min,"Reality TV, Thrillers",A movie about love set in United States.
s371,Movie,Wild Promise 371,Martin Scorsese,"Zendaya, Deepika Padukone, Daniel Kaluuya",,"June 10, 2013",2002,TV-Y,58 min,"Dramas, Action & Adventure",A movie about power set in an unnamed place.
s372,TV Show,Broken Shadow 372,Ava DuVernay,"Viola Davis, Deepika Padukone, Penelope Cruz, Zendaya",Indonesia,"December 10, 2018",2004,G,1 Seasons,"Reality TV, Comedies",A tv show about family set in Indonesia.
s373,TV Show,Broken City 373,Spike Lee,"Zendaya, Mahershala Ali, Penelope Cruz, Tom Hardy",South Korea,"October 29, 2017",2004,NR,6 Seasons,"Anime Series, Documentaries, Sci-Fi & Fantasy",A tv show about power set in South Korea.
s374,TV Show,Broken Project 374,Park Chan-wook,"Idris Elba, Oscar Isaac, Song Kang-ho, Saoirse Ronan, Mahershala Ali",Argentina,"June 22, 2012",2000,TV-14,7 Seasons,"Sci-Fi & Fantasy, Horror Movies",A tv show about crime set in Argentina.
s375,Movie,Lost Whisper 375,Denis Villeneuve,"Viola Davis, Florence Pugh, Daniel Kaluuya",Canada,"September 15, 2010",2004,PG,135 min,Reality TV,A movie about family set in Canada.
s376,TV Show,Dark Memory 376,Mira Nair,"Zendaya, Florence Pugh",Canada,"September 10, 2021",1996,TV-MA,9 Season,"Action & Adventure, Thrillers, TV Dramas",A tv show about crime set in Canada.
s377,TV Show,Golden Heart 377,Spike Lee,"Saoirse Ronan, Tilda Swinton",France,"July 11, 2012",2018,TV-MA,4 Seasons,"Crime TV Shows, Sci-Fi & Fantasy",A tv show about identity set in France.
s378,Movie,Hidden Whisper 378,Hayao Miyazaki,"Saoirse Ronan, Florence Pugh, Zendaya",Spain,"August 13, 2017",2016,TV-Y7,177 min,"TV Dramas, Dramas, Anime Series",A movie about crime set in Spain.
s379,TV Show,Golden Truth 379,Christopher Nolan,,Japan,"October 26, 2016",1992,TV-PG,1 Seasons,"Korean TV Shows, Sci-Fi & Fantasy, Stand-Up Comedy",A tv show about survival set in Japan.
s380,TV Show,Golden Legacy 380,Ava DuVernay,"Tom Hardy, Riz Ahmed, Saoirse Ronan, Lupita Nyong'o",France,"January 03, 2018",2003,NR,8 Seasons,"TV Comedies, Thrillers, Sci-Fi & Fantasy",A tv show about love set in France.
s381,Movie,Eternal Shadow 381,Ava DuVernay,"Penelope Cruz, Viola Davis, Lupita Nyong'o, Riz Ahmed",Australia,"August 03, 2011",1991,G,196 min,"Horror Movies, Sci-Fi & Fantasy",A movie about power set in Australia.
s382,Movie,Frozen Kingdom 382,Denis Villeneuve,"Song Kang-ho, Tom Hardy, Florence Pugh, Tilda Swinton",Egypt,"February 12, 2008",2019,R,193 min,"Reality TV, Horror Movies, TV Dramas",A movie about family set in Egypt.
s383,Movie,Sacred Project 383,Park Chan-wook,"Deepika Padukone, Viola Davis, Idris Elba, Lupita Nyong'o, Oscar Isaac",Brazil,"April 15, 2011",2017,TV-14,68 min,Stand-Up Comedy,A movie about crime set in Brazil.
s384,Movie,Wild Kingdom 384,Pedro Almodovar,"Lupita Nyong'o, Oscar Isaac, Deepika Padukone, Tilda Swinton, Penelope Cruz",Argentina,"May 08, 2017",2000,TV-PG,169 min,"Anime Series, Documentaries, Korean TV Shows",A movie about identity set in Argentina.
s385,Movie,Crimson Heart 385,Ava DuVernay,"Song Kang-ho, Oscar Isaac, Riz Ahmed, Penelope Cruz",Brazil,"November 25, 2008",1999,PG-13,140 min,"Sci-Fi & Fantasy, British TV Shows",A movie about love set in Brazil.
s386,TV Show,Silent Truth 386,Martin Scorsese,"Oscar Isaac, Song Kang-ho, Shah Rukh Khan, Mahershala Ali",Canada,"July 07, 2009",1992,NR,5 Seasons,"TV Comedies, British TV Shows",A tv show about power set in Canada.
s387,TV Show,Silent Truth 387,,"Zendaya, Shah Rukh Khan, Riz Ahmed, Mahershala Ali, Idris Elba",Indonesia,"March 09, 2017",2014,TV-Y,6 Seasons,"Anime Series, Children & Family Movies, Comedies",A tv show about crime set in Indonesia.
s388,TV Show,Velvet Hour 388,Ava DuVernay,"Shah Rukh Khan, Song Kang-ho",China,"March 09, 2009",2002,G,1 Season,"Romantic Movies, Dramas, Children & Family Movies",A tv show about crime set in China.
s389,Movie,Golden Project 389,Spike Lee,,Australia,"January 03, 2009",2021,TV-MA,132 min,"Romantic Movies, Stand-Up Comedy",A movie about love set in Australia.
s390,TV Show,Eternal Shadow 390,Christopher Nolan,"Oscar Isaac, Shah Rukh Khan, Zendaya",United Kingdom,"February 18, 2017",2000,PG,3 Season,Sci-Fi & Fantasy,A tv show about survival set in United Kingdom.
s391,Movie,Silent Shadow 391,Greta Gerwig,"Viola Davis, Song Kang-ho",Indonesia,"January 21, 2019",2014,PG-13,60 min,"Anime Series, Reality TV",A movie about survival set in Indonesia.
s392,Movie,Lost Shadow 392,Martin Scorsese,"Deepika Padukone, Florence Pugh",France,"February 14, 2017",2018,G,97 min,TV Dramas,A movie about identity set in France.
s393,TV Show,Sacred Garden 393,Hayao Miyazaki,"Viola Davis, Tom Hardy, Riz Ahmed, Deepika Padukone, Oscar Isaac",Japan,,2020,PG-13,7 Seasons,"Thrillers, Independent Movies, Korean TV Shows",A tv show about family set in Japan.
s394,Movie,Golden Legacy 394,Greta Gerwig,,France,"April 08, 2014",2017,G,126 min,"Crime TV Shows, Children & Family Movies, Anime Series",A movie about family set in France.
s395,Movie,Eternal Whisper 395,,"Tom Hardy, Zendaya, Mahershala Ali, Shah Rukh Khan",United States,"February 05, 2008",1990,TV-Y,187 min,"British TV Shows, TV Comedies, Reality TV",A movie about love set in United States.
s396,TV Show,Iron Hour 396,,,Egypt,"December 01, 2015",2014,PG,7 Season,"Dramas, Action & Adventure, Anime Series",A tv show about family set in Egypt.
s397,TV Show,Wild Empire 397,,,Brazil,"October 04, 2021",2009,R,4 Seasons,"International Movies, Children & Family Movies",A tv show about survival set in Brazil.
s398,TV Show,Golden Code 398,,"Song Kang-ho, Riz Ahmed, Saoirse Ronan, Oscar Isaac, Lupita Nyong'o",China,"September 08, 2020",2001,TV-PG,2 Season,"Horror Movies, Korean TV Shows, Children & Family Movies",A tv show about crime set in China.
s399,TV Show,Lost Memory 399,Mira Nair,"Tom Hardy, Penelope Cruz, Tilda Swinton, Riz Ahmed, Florence Pugh",,"September 13, 2017",2016,G,8 Seasons,"International Movies, Horror Movies, Music & Musicals",A tv show about family set in an unnamed place.
s400,TV Show,Frozen Heart 400,Hayao Miyazaki,"Tom Hardy, Mahershala Ali",Turkey,"August 09, 2013",2002,PG-13,2 Seasons,Dramas,A tv show about survival set in Turkey.
s401,Movie,Lost Code 401,Denis Villeneuve,"Song Kang-ho, Deepika Padukone, Daniel Kaluuya",India,"August 28, 2019",2005,NR,157 min,Anime Series,A movie about identity set in India.
s402,Movie,Lost City 402,,"Saoirse Ronan, Tom Hardy",Egypt,"September 12, 2021",2017,TV-MA,188 min,Sci-Fi & Fantasy,A movie about survival set in Egypt.
s403,Movie,Velvet Truth 403,Mira Nair,"Zendaya, Penelope Cruz",Turkey,"November 20, 2021",1996,TV-MA,161 min,"Crime TV Shows, Independent Movies, Thrillers",A movie about love set in Turkey.
s404,Movie,Velvet Memory 404,,"Saoirse Ronan, Tilda Swinton, Lupita Nyong'o",Turkey,"December 04, 2021",2018,TV-PG,56 min,Documentaries,A movie about family set in Turkey.
s405,Movie,Frozen Hour 405,Greta Gerwig,"Saoirse Ronan, Deepika Padukone, Daniel Kaluuya",Mexico,"March 07, 2008",1999,G,188 min,Stand-Up Comedy,A movie about family set in Mexico.
s406,Movie,Crimson Hour 406,Christopher Nolan,"Zendaya, Oscar Isaac, Mahershala Ali, Idris Elba, Daniel Kaluuya",Australia,"May 22, 2017",2011,TV-Y7,55 min,"Horror Movies, Dramas",A movie about power set in Australia.
s407,Movie,Crimson Heart 407,Bong Joon-ho,"Florence Pugh, Song Kang-ho, Penelope Cruz, Shah Rukh Khan",United States,"August 27, 2009",2012,TV-14,81 min,"Anime Series, Thrillers",A movie about power set in United States.
s408,Movie,Sacred Whisper 408,,,Japan,"November 16, 2013",2001,G,107 min,Thrillers,A movie about love set in Japan.
s409,Movie,Hidden City 409,,"Florence Pugh, Tilda Swinton, Daniel Kaluuya",Australia,"November 04, 2014",2019,PG,88 min,"Music & Musicals, Stand-Up Comedy, Comedies",A movie about love set in Australia.
s410,Movie,Bright Promise 410,Bong Joon-ho,"Tilda Swinton, Oscar Isaac, Penelope Cruz, Daniel Kaluuya",India,"March 04, 2021",2002,PG-13,83 min,"Horror Movies, International Movies",A movie about power set in India.
s411,TV Show,Dark Promise 411,Mira Nair,"Shah Rukh Khan, Florence Pugh, Deepika Padukone",Indonesia,"May 29, 2019",2014,G,6 Seasons,"Romantic Movies, Crime TV Shows",A tv show about power set in Indonesia.
s412,Movie,Golden Heart 412,Spike Lee,"Viola Davis, Song Kang-ho, Zendaya, Riz Ahmed, Deepika Padukone",Italy,"July 13, 2017",2014,PG,110 min,"Comedies, Documentaries, Music & Musicals",A movie about family set in Italy.
s413,Movie,Eternal Garden 413,Spike Lee,"Riz Ahmed, Deepika Padukone, Zendaya, Penelope Cruz",Argentina,"July 29, 2016",1991,R,112 min,"Comedies, TV Dramas, Music & Musicals",A movie about family set in Argentina.
s414,TV Show,Frozen Legacy 414,Greta Gerwig,"Song Kang-ho, Viola Davis",China,"May 29, 2012",2011,PG-13,4 Seasons,Reality TV,A tv show about family set in China.
s415,Movie,Hidden Storm 415,Hayao Miyazaki,"Daniel Kaluuya, Tilda Swinton",France,"February 07, 2013",2004,R,166 min,Korean TV Shows,A movie about identity set in France.
s416,TV Show,Sacred Heart 416,Spike Lee,"Tilda Swinton, Riz Ahmed",Turkey,"February 03, 2018",1991,NR,3 Season,"Dramas, British TV Shows, TV Dramas",A tv show about family set in Turkey.
s417,Movie,Broken Hour 417,Ava DuVernay,"Tom Hardy, Oscar Isaac, Florence Pugh, Daniel Kaluuya",France,"May 29, 2015",2015,R,145 min,Reality TV,A movie about survival set in France.
s418,Movie,Midnight Whisper 418,Spike Lee,"Shah Rukh Khan, Daniel Kaluuya, Viola Davis, Tilda Swinton",India,"July 13, 2021",2021,R,62 min,"Sci-Fi & Fantasy, Thrillers",A movie about crime set in India.
s419,Movie,Frozen Kingdom 419,Denis Villeneuve,"Tilda Swinton, Riz Ahmed, Penelope Cruz",Canada,"May 20, 2017",2020,TV-Y,97 min,Thrillers,A movie about family set in Canada.
s420,Movie,Golden Hour 420,Mira Nair,"Penelope Cruz, Lupita Nyong'o, Mahershala Ali, Tilda Swinton",South Korea,,1999,TV-Y,199 min,Korean TV Shows,A movie about family set in South Korea.
s421,TV Show,Bright Heart 421,Mira Nair,,Egypt,"September 02, 2014",2015,TV-PG,7 Season,"Stand-Up Comedy, Anime Series, TV Comedies",A tv show about power set in Egypt.
s422,Movie,Velvet Kingdom 422,Martin Scorsese,"Lupita Nyong'o, Zendaya, Tilda Swinton",United Kingdom,"November 14, 2012",2021,G,76 min,"Comedies, Action & Adventure",A movie about identity set in United Kingdom.
s423,TV Show,Eternal Shadow 423,Greta Gerwig,"Zendaya, Tom Hardy",,"May 11, 2018",2014,TV-Y,4 Season,Children & Family Movies,A tv show about love set in an unnamed place.
s424,TV Show,Silent Whisper 424,Spike Lee,"Shah Rukh Khan, Lupita Nyong'o",Egypt,"April 05, 2014",2000,TV-MA,2 Season,Reality TV,A tv show about power set in Egypt.
s425,Movie,Midnight Hour 425,Park Chan-wook,"Mahershala Ali, Shah Rukh Khan, Song Kang-ho, Daniel Kaluuya, Tom Hardy",China,"January 26, 2009",1996,PG-13,158 min,Music & Musicals,A movie about love set in China.
s426,Movie,Broken Truth 426,,"Penelope Cruz, Viola Davis, Tom Hardy",United States,"April 23, 2012",1994,TV-14,87 min,"Romantic Movies, International Movies, Stand-Up Comedy",A movie about identity set in United States.
s427,Movie,Eternal Whisper 427,Bong Joon-ho,"Riz Ahmed, Viola Davis, Song Kang-ho, Daniel Kaluuya, Zendaya",Japan,,2010,,99 min,"Horror Movies, Comedies",A movie about power set in Japan.
s428,TV Show,Iron Code 428,Christopher Nolan,"Oscar Isaac, Florence Pugh, Daniel Kaluuya, Deepika Padukone, Viola Davis",Philippines,"February 15, 2010",2010,TV-Y,3 Season,"Crime TV Shows, British TV Shows, Comedies",A tv show about family set in Philippines.
s429,Movie,Bright Code 429,Pedro Almodovar,"Tom Hardy, Song Kang-ho, Daniel Kaluuya",Canada,"August 11, 2017",2005,TV-MA,80 min,"British TV Shows, Sci-Fi & Fantasy",A movie about crime set in Canada.
s430,Movie,Crimson Hour 430,,"Tilda Swinton, Shah Rukh Khan, Saoirse Ronan, Idris Elba, Daniel Kaluuya",India,"April 21, 2017",2008,R,129 min,"Horror Movies, Thrillers",A movie about identity set in India.
s431,Movie,Bright Hour 431,Park Chan-wook,"Florence Pugh, Lupita Nyong'o, Idris Elba",United States,"January 10, 2019",1994,TV-MA,81 min,Documentaries,A movie about love set in United States.
s432,Movie,Frozen Project 432,Bong Joon-ho,"Riz Ahmed, Mahershala Ali",Japan,"June 29, 2013",2017,R,122 min,"Independent Movies, Anime Series",A movie about power set in Japan.
s433,Movie,Dark Truth 433,Denis Villeneuve,"Daniel Kaluuya, Deepika Padukone, Penelope Cruz",Turkey,"October 23, 2018",1991,TV-Y,66 min,"Music & Musicals, Reality TV",A movie about crime set in Turkey.
s434,Movie,Silent Storm 434,Greta Gerwig,"Daniel Kaluuya, Viola Davis, Idris Elba, Shah Rukh Khan, Mahershala Ali",France,"February 04, 2008",1990,PG,170 min,"Stand-Up Comedy, TV Comedies",A movie about power set in France.
s435,Movie,Wild Storm 435,Mira Nair,,Canada,"September 07, 2020",2000,TV-Y,110 min,"TV Dramas, Korean TV Shows, British TV Shows",A movie about power set in Canada.
s436,Movie,Golden Empire 436,Hayao Miyazaki,"Daniel Kaluuya, Tom Hardy, Riz Ahmed",United States,"April 26, 2011",2006,TV-PG,110 min,Music & Musicals,A movie about identity set in United States.
s437,TV Show,Dark Promise 437,,"Florence Pugh, Mahershala Ali, Oscar Isaac, Viola Davis, Lupita Nyong'o",Turkey,"July 28, 2017",2006,G,9 Seasons,"Independent Movies, Sci-Fi & Fantasy",A tv show about power set in Turkey.
s438,Movie,Bright City 438,Christopher Nolan,"Saoirse Ronan, Daniel Kaluuya, Mahershala Ali, Song Kang-ho",Italy,"February 22, 2008",2000,TV-MA,69 min,Stand-Up Comedy,A movie about identity set in Italy.
s439,Movie,Hidden Memory 439,Anurag Kashyap,"Penelope Cruz, Deepika Padukone, Shah Rukh Khan",Canada,"October 07, 2012",2001,TV-PG,94 min,"Stand-Up Comedy, Anime Series",A movie about power set in Canada.
s440,TV Show,Midnight Project 440,Christopher Nolan,"Song Kang-ho, Saoirse Ronan, Viola Davis, Idris Elba, Tom Hardy",Argentina,"April 05, 2010",1990,TV-MA,1 Season,"Dramas, TV Comedies, Korean TV Shows",A tv show about family set in Argentina.
s441,TV Show,Wild Truth 441,Hayao Miyazaki,"Tilda Swinton, Riz Ahmed, Song Kang-ho, Idris Elba",Italy,"December 26, 2015",2011,TV-MA,8 Seasons,"Documentaries, Dramas",A tv show about identity set in Italy.
s442,Movie,Frozen Storm 442,Bong Joon-ho,"Riz Ahmed, Tilda Swinton, Song Kang-ho, Tom Hardy, Zendaya",Australia,,2013,PG,158 min,Music & Musicals,A movie about survival set in Australia.
s443,Movie,Velvet Truth 443,,"Song Kang-ho, Mahershala Ali, Penelope Cruz, Saoirse Ronan, Oscar Isaac",France,"October 28, 2020",1992,TV-14,122 min,"Reality TV, Anime Series, Romantic Movies",A movie about survival set in France.
s444,TV Show,Wild Hour 444,Bong Joon-ho,"Song Kang-ho, Penelope Cruz",United States,"April 28, 2015",2014,R,5 Seasons,"Action & Adventure, Documentaries, Reality TV",A tv show about power set in United States.
s445,TV Show,Midnight Truth 445,Bong Joon-ho,"Tilda Swinton, Penelope Cruz",Italy,"August 08, 2020",2017,R,5 Season,Action & Adventure,A tv show about love set in Italy.
s446,Movie,Velvet City 446,,"Saoirse Ronan, Riz Ahmed, Idris Elba, Penelope Cruz",United States,"March 26, 2021",2002,TV-Y,126 min,"Documentaries, Korean TV Shows",A movie about power set in United States.
s447,Movie,Crimson Kingdom 447,Pedro Almodovar,"Saoirse Ronan, Riz Ahmed, Daniel Kaluuya, Song Kang-ho",Egypt,"May 10, 2014",1999,TV-MA,198 min,"Sci-Fi & Fantasy, Korean TV Shows",A movie about power set in Egypt.
s448,Movie,Dark Memory 448,Park Chan-wook,"Oscar Isaac, Mahershala Ali, Penelope Cruz, Tom Hardy, Idris Elba",South Korea,"January 17, 2013",1993,TV-PG,169 min,"TV Comedies, Sci-Fi & Fantasy, Romantic Movies",A movie about love set in South Korea.
s449,Movie,Eternal Shadow 449,Denis Villeneuve,"Shah Rukh Khan, Lupita Nyong'o, Mahershala Ali, Saoirse Ronan, Florence Pugh",South Korea,"April 16, 2020",2015,PG,193 min,Sci-Fi & Fantasy,A movie about survival set in South Korea.
s450,Movie,Velvet Promise 450,Spike Lee,"Penelope Cruz, Song Kang-ho, Florence Pugh",United States,"November 28, 2020",1996,TV-PG,141 min,"Romantic Movies, International Movies",A movie about love set in United States.
s451,Movie,Wild Promise 451,Christopher Nolan,"Riz Ahmed, Shah Rukh Khan, Tilda Swinton, Mahershala Ali",India,"November 23, 2016",2021,NR,89 min,"TV Comedies, Comedies, Anime Series",A movie about power set in India.
s452,Movie,Iron Hour 452,Martin Scorsese,"Song Kang-ho, Deepika Padukone",Nigeria,"February 28, 2021",2020,TV-14,196 min,TV Comedies,A movie about survival set in Nigeria.
s453,TV Show,Golden Shadow 453,Anurag Kashyap,,,"January 21, 2020",2001,TV-MA,7 Seasons,"Korean TV Shows, British TV Shows, Comedies",A tv show about identity set in an unnamed place.
s454,TV Show,Frozen Memory 454,Park Chan-wook,"Song Kang-ho, Shah Rukh Khan, Riz Ahmed",Japan,,2018,TV-14,1 Season,Romantic Movies,A tv show about love set in Japan.
s455,Movie,Dark Truth 455,,"Mahershala Ali, Lupita Nyong'o, Shah Rukh Khan, Penelope Cruz",United States,"January 13, 2009",2008,TV-Y7,80 min,"British TV Shows, Crime TV Shows, Korean TV Shows",A movie about family set in United States.
s456,Movie,Frozen Garden 456,Park Chan-wook,"Viola Davis, Song Kang-ho, Shah Rukh Khan",South Korea,"July 03, 2021",2003,PG-13,77 min,"Music & Musicals, Stand-Up Comedy, Comedies",A movie about identity set in South Korea.
s457,Movie,Broken Hour 457,Hayao Miyazaki,"Riz Ahmed, Mahershala Ali, Shah Rukh Khan, Lupita Nyong'o",Germany,"April 27, 2012",2013,G,199 min,Stand-Up Comedy,A movie about crime set in Germany.
s458,Movie,Sacred Shadow 458,Mira Nair,"Song Kang-ho, Lupita Nyong'o, Viola Davis, Tilda Swinton",United Kingdom,"December 29, 2009",2013,PG-13,82 min,Children & Family Movies,A movie about love set in United Kingdom.
s459,Movie,Crimson Shadow 459,Christopher Nolan,"Daniel Kaluuya, Viola Davis, Lupita Nyong'o, Idris Elba",Mexico,"August 16, 2021",1996,TV-PG,126 min,"Romantic Movies, TV Dramas",A movie about power set in Mexico.
s460,Movie,Sacred Legacy 460,Hayao Miyazaki,"Lupita Nyong'o, Tom Hardy, Tilda Swinton",France,"March 14, 2011",2014,PG-13,58 min,"TV Dramas, Horror Movies, Stand-Up Comedy",A movie about power set in France.
s461,Movie,Wild Whisper 461,Pedro Almodovar,"Deepika Padukone, Saoirse Ronan, Tilda Swinton, Viola Davis, Zendaya",Australia,"October 13, 2009",1994,TV-14,87 min,"International Movies, Comedies, Sci-Fi & Fantasy",A movie about identity set in Australia.
s462,TV Show,Sacred Project 462,,"Daniel Kaluuya, Deepika Padukone, Lupita Nyong'o",China,"February 03, 2017",1990,TV-MA,7 Seasons,"TV Dramas, Horror Movies, Korean TV Shows",A tv show about power set in China.
s463,Movie,Velvet Heart 463,Park Chan-wook,"Idris Elba, Viola Davis, Daniel Kaluuya",Nigeria,"February 21, 2009",2017,TV-PG,140 min,Crime TV Shows,A movie about power set in Nigeria.
s464,Movie,Frozen Project 464,Christopher Nolan,"Oscar Isaac, Saoirse Ronan, Song Kang-ho, Tom Hardy, Mahershala Ali",Italy,"November 02, 2014",1992,NR,169 min,TV Dramas,A movie about love set in Italy.
s465,Movie,Eternal Storm 465,Martin Scorsese,"Florence Pugh, Idris Elba, Tom Hardy",Argentina,"November 13, 2019",1999,TV-Y7,46 min,Children & Family Movies,A movie about crime set in Argentina.
s466,Movie,Eternal Storm 466,Anurag Kashyap,"Song Kang-ho, Deepika Padukone, Tilda Swinton, Zendaya",Brazil,"February 17, 2008",2012,R,73 min,Sci-Fi & Fantasy,A movie about love set in Brazil.
s467,Movie,Broken Memory 467,Martin Scorsese,"Daniel Kaluuya, Tilda Swinton, Saoirse Ronan",Argentina,"November 09, 2010",2010,TV-Y,173 min,"TV Comedies, Documentaries, Action & Adventure",A movie about love set in Argentina.
s468,TV Show,Silent Promise 468,Martin Scorsese,"Viola Davis, Tilda Swinton, Riz Ahmed",Indonesia,"September 28, 2017",2020,TV-Y7,2 Seasons,Music & Musicals,A tv show about crime set in Indonesia.
s469,TV Show,Silent Garden 469,Christopher Nolan,"Riz Ahmed, Song Kang-ho, Deepika Padukone",Canada,"April 08, 2019",2001,NR,3 Season,TV Comedies,A tv show about love set in Canada.
s470,Movie,Crimson City 470,,,India,"October 10, 2019",2009,R,101 min,"Stand-Up Comedy, British TV Shows",A movie about love set in India.
s471,Movie,Iron Empire 471,Greta Gerwig,"Riz Ahmed, Song Kang-ho, Idris Elba, Tom Hardy",United States,"March 19, 2015",2003,PG-13,200 min,Stand-Up Comedy,A movie about crime set in United States.
s472,Movie,Wild Whisper 472,Christopher Nolan,,,"December 03, 2010",2011,PG,195 min,"Music & Musicals, TV Dramas, Horror Movies",A movie about power set in an unnamed place.
s473,Movie,Velvet Shadow 473,,"Viola Davis, Oscar Isaac",South Korea,"December 30, 2017",1996,G,132 min,"British TV Shows, Thrillers",A movie about identity set in South Korea.
s474,TV Show,Lost Promise 474,,"Mahershala Ali, Zendaya, Idris Elba, Deepika Padukone",Canada,"July 08, 2009",2020,G,1 Season,"Documentaries, Sci-Fi & Fantasy",A tv show about love set in Canada.
s475,TV Show,Lost Truth 475,Bong Joon-ho,"Daniel Kaluuya, Tilda Swinton, Lupita Nyong'o, Riz Ahmed, Viola Davis",Nigeria,"October 01, 2016",2015,R,3 Season,"Thrillers, Independent Movies, Dramas",A tv show about identity set in Nigeria.
s476,Movie,Golden Memory 476,Greta Gerwig,"Lupita Nyong'o, Daniel Kaluuya, Viola Davis, Shah Rukh Khan",China,"November 16, 2008",1999,PG-13,79 min,"International Movies, Horror Movies",A movie about crime set in China.
s477,Movie,Lost Hour 477,Mira Nair,"Shah Rukh Khan, Mahershala Ali, Lupita Nyong'o, Saoirse Ronan",Turkey,"August 12, 2014",2010,TV-MA,136 min,Children & Family Movies,A movie about crime set in Turkey.
s478,Movie,Lost Legacy 478,Mira Nair,"Lupita Nyong'o, Riz Ahmed, Tilda Swinton, Zendaya, Oscar Isaac",Egypt,"January 10, 2014",2003,TV-Y,84 min,"Horror Movies, Stand-Up Comedy",A movie about family set in Egypt.
s479,Movie,Wild Kingdom 479,Spike Lee,"Penelope Cruz, Oscar Isaac, Deepika Padukone",Japan,"June 21, 2008",2009,TV-PG,145 min,"Music & Musicals, Thrillers, Comedies",A movie about crime set in Japan.
s480,Movie,Crimson Heart 480,Hayao Miyazaki,"Tom Hardy, Oscar Isaac, Viola Davis",United States,"April 21, 2008",1992,TV-14,113 min,Music & Musicals,A movie about love set in United States.
s481,TV Show,Lost Truth 481,,"Shah Rukh Khan, Song Kang-ho, Daniel Kaluuya, Deepika Padukone",Egypt,"November 23, 2014",2011,R,1 Seasons,"Reality TV, Action & Adventure",A tv show about love set in Egypt.
s482,TV Show,Midnight Legacy 482,Pedro Almodovar,"Saoirse Ronan, Tom Hardy, Song Kang-ho, Zendaya, Riz Ahmed",France,"June 07, 2014",2004,TV-Y,2 Seasons,Horror Movies,A tv show about love set in France.
s483,TV Show,Hidden Whisper 483,,"Shah Rukh Khan, Zendaya, Tom Hardy, Oscar Isaac",Turkey,"June 13, 2021",2001,TV-PG,5 Seasons,"TV Dramas, Action & Adventure",A tv show about family set in Turkey.
s484,TV Show,Iron Whisper 484,Ava DuVernay,"Saoirse Ronan, Florence Pugh",Australia,"January 07, 2018",2020,TV-14,7 Seasons,"Documentaries, Comedies",A tv show about family set in Australia.
s485,TV Show,Silent Truth 485,Denis Villeneuve,"Riz Ahmed, Oscar Isaac, Florence Pugh, Tilda Swinton, Idris Elba",Spain,"April 27, 2020",2021,TV-Y7,9 Seasons,TV Comedies,A tv show about love set in Spain.
s486,Movie,Broken Legacy 486,Ava DuVernay,"Shah Rukh Khan, Song Kang-ho, Idris Elba",,"May 20, 2008",2013,TV-PG,73 min,TV Dramas,A movie about family set in an unnamed place.
s487,TV Show,Dark Truth 487,Greta Gerwig,"Deepika Padukone, Song Kang-ho, Riz Ahmed, Zendaya, Tom Hardy",Canada,"March 18, 2011",2014,TV-Y,6 Season,Independent Movies,A tv show about love set in Canada.
s488,Movie,Velvet Project 488,,"Shah Rukh Khan, Song Kang-ho, Viola Davis",,"May 04, 2017",1999,TV-Y7,80 min,"Korean TV Shows, Sci-Fi & Fantasy, British TV Shows",A movie about survival set in an unnamed place.
s489,TV Show,Wild Truth 489,Martin Scorsese,"Viola Davis, Zendaya, Tilda Swinton",,"April 15, 2019",2000,,7 Seasons,"Reality TV, Children & Family Movies",A tv show about identity set in an unnamed place.
s490,Movie,Golden Garden 490,Anurag Kashyap,"Florence Pugh, Shah Rukh Khan",Italy,"November 28, 2012",2015,G,199 min,Anime Series,A movie about survival set in Italy.
s491,Movie,Iron Shadow 491,Anurag Kashyap,,Turkey,"June 07, 2010",1996,NR,130 min,Horror Movies,A movie about family set in Turkey.
s492,Movie,Midnight Kingdom 492,,,South Korea,"September 22, 2008",2005,NR,189 min,Independent Movies,A movie about survival set in South Korea.
s493,Movie,Eternal Kingdom 493,Martin Scorsese,"Florence Pugh, Lupita Nyong'o, Song Kang-ho, Idris Elba",Brazil,"March 08, 2010",2011,G,70 min,"Documentaries, Dramas, TV Comedies",A movie about survival set in Brazil.
s494,Movie,Dark Empire 494,Anurag Kashyap,"Shah Rukh Khan, Mahershala Ali",South Korea,"February 27, 2011",2000,G,177 min,"Music & Musicals, Korean TV Shows, Crime TV Shows",A movie about survival set in South Korea.
s495,TV Show,Eternal Storm 495,Hayao Miyazaki,,Italy,"September 09, 2021",1994,NR,8 Season,Documentaries,A tv show about family set in Italy.
s496,Movie,Sacred Truth 496,Spike Lee,,Mexico,"April 13, 2014",2013,TV-14,90 min,"Anime Series, Children & Family Movies, British TV Shows",A movie about family set in Mexico.
s497,TV Show,Wild Hour 497,Christopher Nolan,"Viola Davis, Idris Elba, Riz Ahmed, Saoirse Ronan, Penelope Cruz",Indonesia,"November 22, 2010",2018,NR,6 Season,"Stand-Up Comedy, Korean TV Shows, Anime Series",A tv show about family set in Indonesia.
s498,TV Show,Iron Empire 498,Park Chan-wook,,China,,1996,TV-PG,7 Seasons,TV Comedies,A tv show about survival set in China.
s499,Movie,Eternal Heart 499,Pedro Almodovar,"Song Kang-ho, Viola Davis, Shah Rukh Khan, Mahershala Ali, Zendaya",Italy,"June 22, 2012",2015,PG,132 min,"British TV Shows, Thrillers, Music & Musicals",A movie about love set in Italy.
s500,Movie,Lost Legacy 500,,"Tilda Swinton, Oscar Isaac, Tom Hardy",Italy,"February 09, 2016",2017,R,58 min,Dramas,A movie about power set in Italy.
s501,Movie,Hidden Hour 501,,"Florence Pugh, Viola Davis, Saoirse Ronan, Mahershala Ali",Turkey,"October 26, 2013",2001,TV-14,154 min,"Sci-Fi & Fantasy, Romantic Movies",A movie about crime set in Turkey.
s502,Movie,Broken Heart 502,Ava DuVernay,"Mahershala Ali, Zendaya, Daniel Kaluuya, Oscar Isaac, Penelope Cruz",China,"May 23, 2021",2002,NR,82 min,"Crime TV Shows, Dramas",A movie about crime set in China.
s503,TV Show,Bright Promise 503,Denis Villeneuve,"Lupita Nyong'o, Daniel Kaluuya, Mahershala Ali, Tom Hardy, Deepika Padukone",France,"December 21, 2020",1996,R,7 Seasons,Music & Musicals,A tv show about survival set in France.
s504,Movie,Crimson Garden 504,Mira Nair,"Mahershala Ali, Tom Hardy, Saoirse Ronan, Riz Ahmed",Canada,"March 24, 2018",2016,PG,183 min,"Korean TV Shows, Crime TV Shows",A movie about love set in Canada.
s505,TV Show,Wild Shadow 505,Pedro Almodovar,"Florence Pugh, Saoirse Ronan, Riz Ahmed, Tilda Swinton, Mahershala Ali",Mexico,"March 23, 2010",1995,TV-14,2 Seasons,"Stand-Up Comedy, Action & Adventure, British TV Shows",A tv show about power set in Mexico.
s506,TV Show,Bright Legacy 506,,"Oscar Isaac, Riz Ahmed",Spain,"May 15, 2020",2014,TV-Y7,2 Season,"Stand-Up Comedy, TV Comedies",A tv show about love set in Spain.
s507,TV Show,Sacred Garden 507,Greta Gerwig,"Oscar Isaac, Riz Ahmed, Florence Pugh, Penelope Cruz",United States,"April 19, 2017",1992,,3 Seasons,"Music & Musicals, Crime TV Shows, Independent Movies",A tv show about crime set in United States.
s508,TV Show,Broken Garden 508,Hayao Miyazaki,"Viola Davis, Florence Pugh, Oscar Isaac, Penelope Cruz, Shah Rukh Khan",Italy,"November 24, 2011",2015,G,3 Seasons,Documentaries,A tv show about identity set in Italy.
s509,Movie,Velvet Truth 509,Park Chan-wook,"Tilda Swinton, Song Kang-ho, Viola Davis",Turkey,,1999,G,65 min,"TV Comedies, Dramas, Documentaries",A movie about survival set in Turkey.
s510,Movie,Sacred Whisper 510,,"Oscar Isaac, Song Kang-ho, Lupita Nyong'o",Italy,"February 27, 2009",2007,TV-PG,50 min,"Independent Movies, Action & Adventure, Music & Musicals",A movie about survival set in Italy.
s511,TV Show,Midnight Kingdom 511,,"Shah Rukh Khan, Viola Davis, Deepika Padukone",South Korea,"January 05, 2019",1991,TV-Y7,2 Season,"TV Comedies, Crime TV Shows",A tv show about power set in South Korea.
s512,TV Show,Sacred Promise 512,,,Philippines,"September 14, 2008",1997,PG,8 Seasons,"Reality TV, Dramas, Romantic Movies",A tv show about identity set in Philippines.
s513,TV Show,Bright Kingdom 513,,,,"June 02, 2011",2003,TV-14,4 Season,Horror Movies,A tv show about love set in an unnamed place.
s514,TV Show,Silent Storm 514,Bong Joon-ho,"Oscar Isaac, Deepika Padukone, Mahershala Ali, Florence Pugh",Nigeria,"April 30, 2012",2006,PG-13,7 Season,"Sci-Fi & Fantasy, Romantic Movies, Thrillers",A tv show about power set in Nigeria.
s515,Movie,Bright Heart 515,Ava DuVernay,"Song Kang-ho, Oscar Isaac, Penelope Cruz, Riz Ahmed",Brazil,"June 10, 2009",2018,TV-MA,175 min,"Independent Movies, Stand-Up Comedy",A movie about family set in Brazil.
s516,Movie,Bright Hour 516,Pedro Almodovar,"Song Kang-ho, Shah Rukh Khan",Turkey,"January 09, 2016",2005,PG,140 min,Crime TV Shows,A movie about love set in Turkey.
s517,Movie,Golden Empire 517,Bong Joon-ho,"Deepika Padukone, Lupita Nyong'o, Viola Davis, Penelope Cruz",South Korea,"April 23, 2010",2007,TV-14,191 min,"Stand-Up Comedy, Music & Musicals, Crime TV Shows",A movie about family set in South Korea.
s518,Movie,Lost Truth 518,Martin Scorsese,"Song Kang-ho, Viola Davis, Deepika Padukone, Shah Rukh Khan, Oscar Isaac",Italy,"June 23, 2008",2008,,192 min,Anime Series,A movie about family set in Italy.
s519,Movie,Broken Empire 519,Pedro Almodovar,,United Kingdom,"April 23, 2017",2009,PG,147 min,Reality TV,A movie about family set in United Kingdom.
s520,Movie,Lost Shadow 520,Spike Lee,"Mahershala Ali, Oscar Isaac",Spain,"March 26, 2008",1998,PG,156 min,Romantic Movies,A movie about love set in Spain.
s521,Movie,Bright Truth 521,Pedro Almodovar,"Lupita Nyong'o, Zendaya",Canada,"October 28, 2014",1994,NR,142 min,"Romantic Movies, Documentaries",A movie about identity set in Canada.
s522,Movie,Silent Whisper 522,Mira Nair,"Zendaya, Tilda Swinton, Viola Davis, Lupita Nyong'o, Florence Pugh",Argentina,"April 17, 2014",2010,TV-Y7,102 min,Children & Family Movies,A movie about family set in Argentina.
s523,TV Show,Eternal Legacy 523,Bong Joon-ho,"Shah Rukh Khan, Viola Davis, Deepika Padukone",,,2003,TV-Y,4 Seasons,"Thrillers, Independent Movies",A tv show about identity set in an unnamed place.
s524,Movie,Eternal Truth 524,Ava DuVernay,"Song Kang-ho, Zendaya, Shah Rukh Khan",Brazil,"February 23, 2018",2002,R,62 min,"Stand-Up Comedy, Romantic Movies",A movie about power set in Brazil.
s525,Movie,Dark Code 525,Anurag Kashyap,"Song Kang-ho, Daniel Kaluuya",,"December 25, 2013",1991,G,160 min,"Children & Family Movies, Action & Adventure",A movie about identity set in an unnamed place.
s526,Movie,Broken Garden 526,,"Viola Davis, Deepika Padukone, Saoirse Ronan, Idris Elba",Italy,"June 23, 2017",2002,TV-Y,90 min,"Children & Family Movies, Korean TV Shows, British TV Shows",A movie about identity set in Italy.
s527,Movie,Iron Empire 527,Christopher Nolan,"Viola Davis, Oscar Isaac",United Kingdom,"March 06, 2014",2004,TV-Y,145 min,"Action & Adventure, Horror Movies",A movie about power set in United Kingdom.
s528,TV Show,Golden Storm 528,Anurag Kashyap,"Oscar Isaac, Mahershala Ali, Daniel Kaluuya, Saoirse Ronan",Canada,"December 14, 2021",2020,R,3 Season,Romantic Movies,A tv show about crime set in Canada.
s529,Movie,Wild Promise 529,Park Chan-wook,"Tom Hardy, Shah Rukh Khan, Saoirse Ronan, Viola Davis",United States,"August 17, 2018",1990,R,165 min,International Movies,A movie about love set in United States.
s530,Movie,Hidden Project 530,,"Song Kang-ho, Viola Davis, Saoirse Ronan",Australia,"November 13, 2015",2006,PG-13,138 min,"Dramas, TV Dramas",A movie about family set in Australia.
s531,TV Show,Bright Legacy 531,Mira Nair,"Tom Hardy, Shah Rukh Khan, Penelope Cruz, Song Kang-ho",France,"September 10, 2008",2005,TV-Y,6 Season,Thrillers,A tv show about survival set in France.
s532,Movie,Hidden City 532,Pedro Almodovar,"Idris Elba, Saoirse Ronan, Tilda Swinton, Daniel Kaluuya, Florence Pugh",Turkey,"March 13, 2014",2009,NR,178 min,"Crime TV Shows, Action & Adventure, Stand-Up Comedy",A movie about survival set in Turkey.
s533,Movie,Sacred Truth 533,Christopher Nolan,"Saoirse Ronan, Deepika Padukone, Tilda Swinton, Shah Rukh Khan, Lupita Nyong'o",Indonesia,"August 25, 2011",2009,TV-14,120 min,Anime Series,A movie about love set in Indonesia.
s534,Movie,Dark Code 534,,"Riz Ahmed, Idris Elba",United States,"February 02, 2011",2012,G,188 min,Comedies,A movie about power set in United States.
s535,Movie,Golden Garden 535,Christopher Nolan,"Daniel Kaluuya, Zendaya",Italy,"March 14, 2010",2006,NR,124 min,Independent Movies,A movie about survival set in Italy.
s536,Movie,Eternal Truth 536,Park Chan-wook,"Saoirse Ronan, Penelope Cruz, Lupita Nyong'o, Song Kang-ho",United Kingdom,"May 05, 2018",2001,TV-Y,69 min,Korean TV Shows,A movie about survival set in United Kingdom.
s537,Movie,Frozen City 537,Denis Villeneuve,"Zendaya, Penelope Cruz, Daniel Kaluuya, Deepika Padukone, Tom Hardy",United States,"June 10, 2017",1995,NR,122 min,Independent Movies,A movie about identity set in United States.
s538,Movie,Velvet Legacy 538,Greta Gerwig,,France,"February 18, 2008",2019,G,162 min,Comedies,A movie about love set in France.
s539,Movie,Iron Kingdom 539,Christopher Nolan,"Tilda Swinton, Riz Ahmed, Tom Hardy, Viola Davis, Mahershala Ali",Nigeria,"March 10, 2009",2003,G,171 min,Horror Movies,A movie about power set in Nigeria.
s540,Movie,Silent Storm 540,Ava DuVernay,"Daniel Kaluuya, Oscar Isaac",Canada,"June 07, 2011",1997,R,97 min,British TV Shows,A movie about love set in Canada.
s541,TV Show,Wild Shadow 541,,"Daniel Kaluuya, Shah Rukh Khan, Riz Ahmed, Song Kang-ho, Lupita Nyong'o",Indonesia,"November 03, 2021",1997,TV-MA,3 Season,"Horror Movies, Romantic Movies, Korean TV Shows",A tv show about power set in Indonesia.
s542,Movie,Crimson Heart 542,Greta Gerwig,"Mahershala Ali, Tilda Swinton, Saoirse Ronan, Penelope Cruz, Florence Pugh",Canada,"July 12, 2017",1999,TV-Y7,75 min,"TV Comedies, Dramas, Sci-Fi & Fantasy",A movie about love set in Canada.
s543,Movie,Bright Hour 543,Martin Scorsese,"Saoirse Ronan, Deepika Padukone, Mahershala Ali, Zendaya",Japan,"April 15, 2019",2003,G,144 min,"Comedies, Romantic Movies, Documentaries",A movie about family set in Japan.
s544,Movie,Velvet Whisper 544,Anurag Kashyap,"Florence Pugh, Viola Davis, Riz Ahmed, Tilda Swinton",Argentina,"January 17, 2012",2006,PG,195 min,"TV Dramas, Independent Movies, TV Comedies",A movie about love set in Argentina.
s545,Movie,Dark Memory 545,,,Argentina,"March 11, 2013",2005,TV-PG,143 min,"Comedies, International Movies",A movie about identity set in Argentina.
s546,Movie,Lost Project 546,Spike Lee,"Idris Elba, Daniel Kaluuya",Egypt,"November 13, 2020",2002,TV-Y7,157 min,"Sci-Fi & Fantasy, Horror Movies, Thrillers",A movie about power set in Egypt.
s547,Movie,Dark Legacy 547,Bong Joon-ho,,,"February 27, 2010",2003,TV-PG,46 min,"Stand-Up Comedy, Independent Movies",A movie about identity set in an unnamed place.
s548,TV Show,Eternal Promise 548,Ava DuVernay,"Penelope Cruz, Riz Ahmed, Song Kang-ho, Oscar Isaac, Deepika Padukone",Brazil,"July 12, 2020",1998,TV-Y7,7 Seasons,Independent Movies,A tv show about love set in Brazil.
s549,Movie,Frozen Storm 549,,"Tilda Swinton, Tom Hardy",Mexico,"August 21, 2013",2014,TV-14,85 min,"Comedies, Reality TV",A movie about identity set in Mexico.
s550,Movie,Frozen City 550,Greta Gerwig,"Song Kang-ho, Oscar Isaac",Germany,"September 21, 2008",2011,R,130 min,Documentaries,A movie about crime set in Germany.
s551,Movie,Golden Whisper 551,Park Chan-wook,"Deepika Padukone, Daniel Kaluuya",,"September 06, 2021",1992,TV-14,151 min,"Music & Musicals, Comedies, Reality TV",A movie about survival set in an unnamed place.
s552,TV Show,Hidden Memory 552,,,Brazil,"October 21, 2014",2004,TV-MA,1 Seasons,Reality TV,A tv show about identity set in Brazil.
s553,TV Show,Iron Hour 553,Pedro Almodovar,"Florence Pugh, Mahershala Ali, Shah Rukh Khan, Penelope Cruz, Zendaya",France,"August 24, 2010",2013,PG,7 Seasons,Horror Movies,A tv show about love set in France.
s554,Movie,Crimson Shadow 554,Pedro Almodovar,"Deepika Padukone, Riz Ahmed",,"November 01, 2017",2001,PG,134 min,"Horror Movies, Sci-Fi & Fantasy, Documentaries",A movie about identity set in an unnamed place.
s555,Movie,Iron Kingdom 555,Christopher Nolan,"Daniel Kaluuya, Mahershala Ali, Zendaya",Spain,"October 15, 2014",2013,PG-13,107 min,"Children & Family Movies, Crime TV Shows, Reality TV",A movie about identity set in Spain.
s556,Movie,Eternal City 556,Mira Nair,"Penelope Cruz, Zendaya",Nigeria,"May 26, 2020",2003,TV-PG,54 min,Anime Series,A movie about power set in Nigeria.
s557,TV Show,Midnight Empire 557,Martin Scorsese,"Oscar Isaac, Riz Ahmed, Viola Davis, Tom Hardy, Saoirse Ronan",Italy,"July 31, 2016",2014,R,4 Season,"Stand-Up Comedy, Reality TV, International Movies",A tv show about power set in Italy.
s558,Movie,Frozen Truth 558,Martin Scorsese,"Lupita Nyong'o, Florence Pugh, Zendaya, Oscar Isaac",United States,"December 09, 2021",2017,TV-MA,72 min,"TV Comedies, Sci-Fi & Fantasy, Reality TV",A movie about survival set in United States.
s559,Movie,Golden Code 559,Greta Gerwig,"Zendaya, Mahershala Ali, Song Kang-ho, Shah Rukh Khan, Tom Hardy",Germany,"August 09, 2013",2008,TV-Y,54 min,"Children & Family Movies, TV Dramas, Music & Musicals",A movie about power set in Germany.
s560,Movie,Iron Truth 560,Martin Scorsese,"Lupita Nyong'o, Riz Ahmed, Shah Rukh Khan, Deepika Padukone",Egypt,,1992,TV-Y7,187 min,Stand-Up Comedy,A movie about love set in Egypt.
s561,Movie,Midnight Storm 561,Pedro Almodovar,"Zendaya, Shah Rukh Khan",Germany,"February 06, 2019",1998,TV-PG,82 min,"International Movies, Horror Movies, Action & Adventure",A movie about power set in Germany.
s562,Movie,Iron Legacy 562,Mira Nair,"Viola Davis, Mahershala Ali, Saoirse Ronan",United States,"December 04, 2015",1992,PG,72 min,Korean TV Shows,A movie about survival set in United States.
s563,Movie,Midnight Garden 563,,"Shah Rukh Khan, Tilda Swinton, Penelope Cruz, Saoirse Ronan, Daniel Kaluuya",,"January 30, 2016",2011,PG,165 min,"Music & Musicals, Dramas",A movie about crime set in an unnamed place.
s564,Movie,Hidden City 564,,"Penelope Cruz, Florence Pugh",Nigeria,"September 19, 2015",2003,NR,53 min,"Documentaries, TV Comedies, Comedies",A movie about love set in Nigeria.
s565,TV Show,Crimson Code 565,Mira Nair,"Song Kang-ho, Riz Ahmed, Lupita Nyong'o, Florence Pugh, Tom Hardy",Nigeria,"February 09, 2015",2007,NR,5 Seasons,"Horror Movies, TV Dramas",A tv show about crime set in Nigeria.
s566,Movie,Golden Kingdom 566,Spike Lee,"Mahershala Ali, Viola Davis, Idris Elba, Lupita Nyong'o, Florence Pugh",,"November 10, 2018",2004,TV-Y,103 min,"Documentaries, Reality TV, Horror Movies",A movie about survival set in an unnamed place.
s567,Movie,Iron Promise 567,Greta Gerwig,"Shah Rukh Khan, Penelope Cruz",France,"June 10, 2012",2001,TV-MA,87 min,Stand-Up Comedy,A movie about family set in France.
s568,TV Show,Golden City 568,Christopher Nolan,"Riz Ahmed, Tom Hardy",United Kingdom,"November 15, 2019",2014,PG,3 Seasons,"Horror Movies, Sci-Fi & Fantasy, Action & Adventure",A tv show about family set in United Kingdom.
s569,TV Show,Bright Whisper 569,Mira Nair,"Shah Rukh Khan, Mahershala Ali",Egypt,"February 01, 2018",2017,TV-Y7,3 Seasons,"Independent Movies, Korean TV Shows, Comedies",A tv show about crime set in Egypt.
s570,TV Show,Velvet Code 570,Park Chan-wook,"Zendaya, Shah Rukh Khan, Lupita Nyong'o, Mahershala Ali",Canada,"January 24, 2019",2011,G,9 Seasons,"Sci-Fi & Fantasy, Crime TV Shows",A tv show about survival set in Canada.
s571,Movie,Silent Promise 571,,"Riz Ahmed, Lupita Nyong'o, Saoirse Ronan",Indonesia,"October 16, 2015",2008,PG-13,115 min,"Anime Series, Horror Movies",A movie about crime set in Indonesia.
s572,Movie,Bright Storm 572,Christopher Nolan,"Saoirse Ronan, Viola Davis, Song Kang-ho, Lupita Nyong'o",Japan,,1992,G,182 min,Dramas,A movie about survival set in Japan.
s573,TV Show,Lost Whisper 573,,"Zendaya, Lupita Nyong'o, Shah Rukh Khan, Deepika Padukone, Saoirse Ronan",Canada,"September 11, 2017",2021,TV-PG,5 Seasons,TV Dramas,A tv show about love set in Canada.
s574,TV Show,Crimson Memory 574,,"Lupita Nyong'o, Deepika Padukone, Tilda Swinton, Mahershala Ali",United Kingdom,"January 22, 2015",1992,G,6 Season,"International Movies, Dramas, Horror Movies",A tv show about crime set in United Kingdom.
s575,Movie,Dark Garden 575,Greta Gerwig,"Idris Elba, Mahershala Ali, Deepika Padukone, Saoirse Ronan, Shah Rukh Khan",United Kingdom,"October 20, 2012",1990,TV-Y7,187 min,"Thrillers, Romantic Movies, International Movies",A movie about survival set in United Kingdom.
s576,Movie,Velvet Shadow 576,Bong Joon-ho,"Idris Elba, Zendaya, Saoirse Ronan, Song Kang-ho, Riz Ahmed",Argentina,"October 17, 2016",2012,PG-13,69 min,Action & Adventure,A movie about family set in Argentina.
s577,Movie,Wild Whisper 577,,"Zendaya, Idris Elba, Tilda Swinton",Italy,"November 06, 2018",2021,R,52 min,"Children & Family Movies, Korean TV Shows",A movie about crime set in Italy.
s578,TV Show,Sacred Shadow 578,,"Tilda Swinton, Penelope Cruz, Zendaya, Florence Pugh",Italy,"March 23, 2009",2007,R,6 Seasons,Sci-Fi & Fantasy,A tv show about survival set in Italy.
s579,Movie,Velvet City 579,,"Tilda Swinton, Shah Rukh Khan",United States,"June 21, 2008",2014,PG,135 min,"Comedies, International Movies, Korean TV Shows",A movie about crime set in United States.
s580,Movie,Crimson Promise 580,Hayao Miyazaki,"Oscar Isaac, Florence Pugh, Shah Rukh Khan",Australia,"May 26, 2020",2005,TV-MA,50 min,"Action & Adventure, Korean TV Shows, TV Comedies",A movie about survival set in Australia.
s581,Movie,Hidden Storm 581,,"Viola Davis, Saoirse Ronan, Mahershala Ali",Italy,"December 10, 2010",2007,TV-14,63 min,"Stand-Up Comedy, Dramas, Independent Movies",A movie about power set in Italy.
s582,TV Show,Velvet City 582,,"Penelope Cruz, Riz Ahmed, Oscar Isaac, Saoirse Ronan, Idris Elba",United States,"April 17, 2018",2002,NR,8 Season,"Comedies, Horror Movies",A tv show about survival set in United States.
s583,Movie,Wild Storm 583,Pedro Almodovar,"Tom Hardy, Deepika Padukone, Mahershala Ali, Penelope Cruz, Idris Elba",Canada,"December 16, 2020",1991,R,159 min,"British TV Shows, Independent Movies",A movie about love set in Canada.
s584,Movie,Eternal Promise 584,Christopher Nolan,,Argentina,"November 18, 2009",1999,TV-Y7,178 min,"Independent Movies, Horror Movies, International Movies",A movie about survival set in Argentina.
s585,Movie,Hidden Memory 585,Anurag Kashyap,,Indonesia,"February 15, 2008",2007,G,170 min,"British TV Shows, Crime TV Shows, Horror Movies",A movie about family set in Indonesia.
s586,Movie,Wild Legacy 586,Ava DuVernay,"Song Kang-ho, Penelope Cruz",Italy,"April 21, 2008",2000,TV-14,87 min,Anime Series,A movie about love set in Italy.
s587,Movie,Broken Heart 587,,"Saoirse Ronan, Mahershala Ali, Riz Ahmed, Lupita Nyong'o, Penelope Cruz",Mexico,"August 07, 2014",2007,NR,140 min,"Romantic Movies, Documentaries, Sci-Fi & Fantasy",A movie about identity set in Mexico.
s588,Movie,Sacred Code 588,Denis Villeneuve,"Daniel Kaluuya, Deepika Padukone, Song Kang-ho, Idris Elba",France,"August 17, 2018",1990,TV-PG,83 min,"Comedies, Dramas",A movie about family set in France.
s589,TV Show,Crimson Memory 589,,"Viola Davis, Oscar Isaac",Japan,"July 16, 2020",2004,TV-MA,4 Season,"Independent Movies, Sci-Fi & Fantasy",A tv show about family set in Japan.
s590,Movie,Broken City 590,Pedro Almodovar,"Shah Rukh Khan, Oscar Isaac, Daniel Kaluuya",South Korea,"November 23, 2013",1996,G,195 min,"TV Comedies, Crime TV Shows, Children & Family Movies",A movie about power set in South Korea.
s591,TV Show,Iron City 591,Anurag Kashyap,,South Korea,"October 16, 2021",1999,TV-Y7,1 Season,Documentaries,A tv show about identity set in South Korea.
s592,TV Show,Broken Hour 592,Greta Gerwig,"Deepika Padukone, Lupita Nyong'o",Italy,"December 18, 2015",2009,PG,9 Season,"Thrillers, Romantic Movies, Children & Family Movies",A tv show about power set in Italy.
s593,Movie,Broken Legacy 593,Ava DuVernay,"Riz Ahmed, Tilda Swinton",United States,"June 15, 2018",2012,R,188 min,TV Comedies,A movie about family set in United States.
s594,Movie,Golden Empire 594,,"Tom Hardy, Oscar Isaac, Saoirse Ronan",Brazil,"April 11, 2019",1990,TV-MA,115 min,"British TV Shows, TV Comedies, International Movies",A movie about power set in Brazil.
s595,TV Show,Hidden Hour 595,,"Daniel Kaluuya, Oscar Isaac",Argentina,"March 27, 2020",1996,TV-MA,3 Seasons,Documentaries,A tv show about love set in Argentina.
s596,Movie,Dark Kingdom 596,,"Tilda Swinton, Viola Davis",Germany,"May 09, 2012",1991,PG,88 min,"TV Dramas, Korean TV Shows, Dramas",A movie about power set in Germany.
s597,Movie,Dark Hour 597,Christopher Nolan,"Lupita Nyong'o, Viola Davis, Shah Rukh Khan",Germany,"May 03, 2019",2016,TV-MA,124 min,"Reality TV, TV Dramas",A movie about love set in Germany.
s598,Movie,Velvet Project 598,Mira Nair,"Song Kang-ho, Zendaya",United Kingdom,"April 04, 2021",1991,TV-MA,100 min,"TV Dramas, Anime Series, Comedies",A movie about power set in United Kingdom.
s599,TV Show,Hidden Project 599,Bong Joon-ho,"Oscar Isaac, Tom Hardy, Penelope Cruz",Japan,"September 02, 2020",2010,R,5 Seasons,Sci-Fi & Fantasy,A tv show about family set in Japan.
s600,Movie,Hidden Kingdom 600,Mira Nair,"Idris Elba, Tom Hardy, Riz Ahmed, Oscar Isaac, Penelope Cruz",Philippines,"September 24, 2017",2012,PG-13,98 min,"Korean TV Shows, Reality TV",A movie about power set in Philippines.
s601,TV Show,Midnight Legacy 601,Greta Gerwig,"Viola Davis, Zendaya, Daniel Kaluuya, Lupita Nyong'o",Japan,"June 24, 2018",2010,TV-Y,1 Season,TV Dramas,A tv show about love set in Japan.
s602,Movie,Wild Whisper 602,Christopher Nolan,"Oscar Isaac, Shah Rukh Khan, Deepika Padukone, Lupita Nyong'o",United States,"October 30, 2021",2019,TV-Y,147 min,"Horror Movies, Children & Family Movies",A movie about power set in United States.
s603,Movie,Eternal Heart 603,Greta Gerwig,,Spain,"May 16, 2019",1996,PG-13,192 min,"Independent Movies, Dramas",A movie about crime set in Spain.
s604,Movie,Bright Storm 604,Ava DuVernay,"Saoirse Ronan, Shah Rukh Khan, Tilda Swinton",India,"December 08, 2014",1999,TV-Y7,146 min,Anime Series,A movie about love set in India.
s605,Movie,Crimson City 605,,"Deepika Padukone, Riz Ahmed, Song Kang-ho",Spain,"June 15, 2020",2013,,85 min,"Action & Adventure, British TV Shows",A movie about identity set in Spain.
s606,Movie,Golden Garden 606,Park Chan-wook,"Deepika Padukone, Florence Pugh, Viola Davis, Penelope Cruz, Shah Rukh Khan",France,"May 03, 2015",2008,TV-Y,197 min,"Reality TV, Comedies",A movie about family set in France.
s607,Movie,Golden Code 607,,"Deepika Padukone, Idris Elba, Zendaya",United States,"December 05, 2016",1994,TV-PG,172 min,International Movies,A movie about crime set in United States.
s608,Movie,Midnight Whisper 608,Anurag Kashyap,"Oscar Isaac, Penelope Cruz, Tilda Swinton, Deepika Padukone",,"June 16, 2017",2001,G,72 min,"Comedies, TV Dramas",A movie about power set in an unnamed place.
s609,TV Show,Iron Project 609,Martin Scorsese,"Florence Pugh, Tilda Swinton, Deepika Padukone",,"January 03, 2017",2017,PG-13,7 Season,"Action & Adventure, Anime Series, Korean TV Shows",A tv show about family set in an unnamed place.
s610,TV Show,Golden Whisper 610,Denis Villeneuve,"Riz Ahmed, Lupita Nyong'o, Florence Pugh",United Kingdom,"July 24, 2015",2006,NR,8 Seasons,"Sci-Fi & Fantasy, International Movies",A tv show about love set in United Kingdom.
s611,TV Show,Wild Whisper 611,,"Lupita Nyong'o, Penelope Cruz, Idris Elba, Tilda Swinton",United States,"January 04, 2012",2008,TV-MA,8 Season,"International Movies, Action & Adventure, TV Dramas",A tv show about power set in United States.
s612,Movie,Golden Shadow 612,,,France,"September 01, 2017",2007,TV-Y7,107 min,"Korean TV Shows, Independent Movies, Anime Series",A movie about love set in France.
s613,Movie,Eternal Empire 613,,"Florence Pugh, Lupita Nyong'o",United Kingdom,"October 09, 2014",2017,TV-PG,110 min,"Comedies, Stand-Up Comedy, Action & Adventure",A movie about crime set in United Kingdom.
s614,Movie,Hidden Code 614,Bong Joon-ho,"Mahershala Ali, Oscar Isaac",Turkey,"March 01, 2012",2007,TV-MA,199 min,"Romantic Movies, Sci-Fi & Fantasy",A movie about family set in Turkey.
s615,Movie,Crimson Empire 615,Park Chan-wook,"Zendaya, Oscar Isaac, Florence Pugh, Tilda Swinton",Spain,"April 13, 2015",2004,PG-13,200 min,"Independent Movies, Stand-Up Comedy",A movie about power set in Spain.
s616,Movie,Frozen Shadow 616,Pedro Almodovar,,Brazil,"May 28, 2011",2019,TV-Y7,98 min,"Romantic Movies, TV Comedies, Children & Family Movies",A movie about survival set in Brazil.
s617,Movie,Dark Code 617,Park Chan-wook,"Shah Rukh Khan, Song Kang-ho, Mahershala Ali, Lupita Nyong'o",Mexico,"February 15, 2018",2019,NR,194 min,Music & Musicals,A movie about family set in Mexico.
s618,Movie,Broken Truth 618,,"Deepika Padukone, Penelope Cruz, Lupita Nyong'o, Shah Rukh Khan, Zendaya",Canada,"November 23, 2012",2003,NR,119 min,Romantic Movies,A movie about power set in Canada.
s619,TV Show,Frozen Shadow 619,Bong Joon-ho,"Tilda Swinton, Florence Pugh, Idris Elba, Daniel Kaluuya",Australia,"December 11, 2019",2015,TV-Y,8 Seasons,"Anime Series, Romantic Movies",A tv show about crime set in Australia.
s620,Movie,Lost Legacy 620,Spike Lee,"Florence Pugh, Oscar Isaac",Turkey,"August 25, 2008",2004,NR,173 min,Music & Musicals,A movie about identity set in Turkey.
s621,TV Show,Lost Whisper 621,Anurag Kashyap,"Shah Rukh Khan, Idris Elba, Tom Hardy, Mahershala Ali, Oscar Isaac",Italy,"April 30, 2012",2000,R,3 Seasons,"Thrillers, Crime TV Shows, Documentaries",A tv show about family set in Italy.
s622,Movie,Lost Garden 622,Spike Lee,"Deepika Padukone, Florence Pugh, Shah Rukh Khan, Daniel Kaluuya, Lupita Nyong'o",Indonesia,"July 28, 2011",2005,TV-14,46 min,"International Movies, Stand-Up Comedy, Korean TV Shows",A movie about survival set in Indonesia.
s623,TV Show,Midnight Truth 623,Greta Gerwig,"Tom Hardy, Deepika Padukone",India,"December 07, 2016",1992,G,8 Seasons,Action & Adventure,A tv show about crime set in India.
s624,TV Show,Sacred Project 624,Christopher Nolan,"Riz Ahmed, Tilda Swinton, Idris Elba, Shah Rukh Khan",Argentina,"March 06, 2010",2011,TV-14,8 Seasons,"Horror Movies, Children & Family Movies",A tv show about family set in Argentina.
s625,Movie,Wild Whisper 625,Ava DuVernay,"Viola Davis, Florence Pugh, Shah Rukh Khan, Riz Ahmed",United States,"April 26, 2016",2013,PG-13,85 min,"Sci-Fi & Fantasy, British TV Shows, Anime Series",A movie about power set in United States.
s626,Movie,Golden Truth 626,Anurag Kashyap,"Lupita Nyong'o, Tilda Swinton, Song Kang-ho, Tom Hardy, Riz Ahmed",France,"October 26, 2013",2013,G,148 min,"Music & Musicals, Romantic Movies",A movie about family set in France.
s627,Movie,Velvet Project 627,Pedro Almodovar,"Idris Elba, Riz Ahmed, Lupita Nyong'o, Deepika Padukone, Shah Rukh Khan",Italy,,1994,PG-13,97 min,Documentaries,A movie about family set in Italy.
s628,Movie,Golden Truth 628,,"Zendaya, Oscar Isaac, Tilda Swinton, Tom Hardy, Mahershala Ali",Nigeria,"July 17, 2012",2013,TV-Y,70 min,"Korean TV Shows, Comedies",A movie about family set in Nigeria.
s629,Movie,Frozen Project 629,Christopher Nolan,"Zendaya, Oscar Isaac",Spain,"February 05, 2012",2005,TV-Y7,90 min,Music & Musicals,A movie about family set in Spain.
s630,Movie,Midnight Memory 630,,"Saoirse Ronan, Lupita Nyong'o",South Korea,"February 18, 2021",2020,G,58 min,"Comedies, Thrillers",A movie about survival set in South Korea.
s631,Movie,Midnight Heart 631,,"Daniel Kaluuya, Saoirse Ronan, Oscar Isaac",,"July 02, 2010",2018,R,195 min,"Music & Musicals, Anime Series, Dramas",A movie about family set in an unnamed place.
s632,TV Show,Velvet Storm 632,Anurag Kashyap,"Oscar Isaac, Tilda Swinton, Saoirse Ronan, Riz Ahmed, Lupita Nyong'o",Germany,"April 14, 2019",2009,TV-14,3 Seasons,"Korean TV Shows, British TV Shows",A tv show about survival set in Germany.
s633,Movie,Midnight Truth 633,Greta Gerwig,,Australia,"January 30, 2020",2001,TV-14,104 min,Sci-Fi & Fantasy,A movie about identity set in Australia.
s634,Movie,Sacred Legacy 634,Park Chan-wook,"Saoirse Ronan, Idris Elba, Shah Rukh Khan",Italy,"July 17, 2011",2000,G,166 min,"Music & Musicals, Stand-Up Comedy, Children & Family Movies",A movie about crime set in Italy.
s635,TV Show,Wild City 635,Greta Gerwig,"Tilda Swinton, Mahershala Ali, Idris Elba, Zendaya",Mexico,"October 28, 2016",2016,,7 Season,"TV Dramas, Documentaries",A tv show about survival set in Mexico.
s636,TV Show,Lost Project 636,Bong Joon-ho,"Oscar Isaac, Riz Ahmed, Idris Elba, Tom Hardy",Italy,"July 23, 2020",2002,NR,9 Seasons,"Action & Adventure, Comedies",A tv show about crime set in Italy.
s637,Movie,Golden Heart 637,Mira Nair,"Florence Pugh, Mahershala Ali",Argentina,"August 10, 2021",2014,TV-MA,132 min,"Reality TV, TV Dramas",A movie about survival set in Argentina.
s638,TV Show,Midnight Heart 638,,"Riz Ahmed, Daniel Kaluuya, Shah Rukh Khan, Zendaya",Philippines,"December 21, 2009",2018,NR,9 Seasons,"Reality TV, Korean TV Shows",A tv show about family set in Philippines.
s639,Movie,Silent Truth 639,Ava DuVernay,"Mahershala Ali, Zendaya, Florence Pugh, Deepika Padukone",South Korea,"July 03, 2018",2004,PG,95 min,"Children & Family Movies, Music & Musicals, Dramas",A movie about crime set in South Korea.
s640,Movie,Broken Shadow 640,Spike Lee,"Mahershala Ali, Tom Hardy",India,"May 03, 2015",2021,PG,62 min,"Comedies, Independent Movies, Music & Musicals",A movie about identity set in India.
s641,TV Show,Frozen Promise 641,Christopher Nolan,"Penelope Cruz, Florence Pugh, Viola Davis, Zendaya, Tilda Swinton",Germany,"May 31, 2011",2011,NR,6 Seasons,"Stand-Up Comedy, Dramas, TV Comedies",A tv show about identity set in Germany.
s642,Movie,Velvet Project 642,Martin Scorsese,"Saoirse Ronan, Daniel Kaluuya, Riz Ahmed, Song Kang-ho, Oscar Isaac",Australia,"June 29, 2012",2012,NR,84 min,Documentaries,A movie about crime set in Australia.
s643,Movie,Midnight Empire 643,Martin Scorsese,"Shah Rukh Khan, Idris Elba, Riz Ahmed, Zendaya",South Korea,"August 30, 2011",2017,R,100 min,"Dramas, Documentaries",A movie about survival set in South Korea.
s644,Movie,Broken Empire 644,Ava DuVernay,"Florence Pugh, Tom Hardy, Deepika Padukone",South Korea,"July 14, 2016",1997,TV-PG,174 min,"Korean TV Shows, Action & Adventure, Romantic Movies",A movie about crime set in South Korea.
s645,Movie,Wild Memory 645,Ava DuVernay,"Penelope Cruz, Song Kang-ho, Viola Davis, Florence Pugh, Lupita Nyong'o",Germany,"April 01, 2018",1991,,152 min,"Action & Adventure, TV Dramas",A movie about family set in Germany.
s646,TV Show,Dark Kingdom 646,Park Chan-wook,"Florence Pugh, Zendaya",Germany,"April 02, 2015",1992,R,3 Seasons,Korean TV Shows,A tv show about crime set in Germany.
s647,Movie,Wild Truth 647,,"Oscar Isaac, Idris Elba, Daniel Kaluuya",Japan,"December 01, 2011",1999,TV-PG,138 min,Romantic Movies,A movie about love set in Japan.
s648,Movie,Hidden Shadow 648,Greta Gerwig,"Tom Hardy, Idris Elba",,"March 28, 2011",2016,TV-Y,198 min,"Korean TV Shows, Romantic Movies, Independent Movies",A movie about love set in an unnamed place.
s649,Movie,Bright Garden 649,,"Daniel Kaluuya, Deepika Padukone",China,"July 12, 2021",1990,TV-Y7,110 min,Crime TV Shows,A movie about power set in China.
s650,Movie,Velvet Hour 650,Spike Lee,"Saoirse Ronan, Song Kang-ho, Lupita Nyong'o",France,"November 04, 2009",1996,PG-13,71 min,Horror Movies,A movie about family set in France.
s651,Movie,Iron Storm 651,Spike Lee,"Saoirse Ronan, Idris Elba, Penelope Cruz, Zendaya",Philippines,"October 07, 2008",2014,R,91 min,Documentaries,A movie about power set in Philippines.
s652,Movie,Sacred Garden 652,,"Daniel Kaluuya, Riz Ahmed, Idris Elba, Song Kang-ho, Tilda Swinton",Philippines,"October 25, 2012",2019,G,157 min,Children & Family Movies,A movie about power set in Philippines.
s653,TV Show,Bright Whisper 653,Anurag Kashyap,"Zendaya, Tilda Swinton, Viola Davis, Daniel Kaluuya, Idris Elba",Germany,"March 12, 2016",2017,G,3 Season,"Action & Adventure, Music & Musicals",A tv show about identity set in Germany.
s654,TV Show,Silent Project 654,Spike Lee,"Idris Elba, Penelope Cruz",Nigeria,"December 22, 2012",1991,PG,9 Seasons,Independent Movies,A tv show about identity set in Nigeria.
s655,Movie,Sacred Legacy 655,Bong Joon-ho,"Mahershala Ali, Shah Rukh Khan, Viola Davis",Indonesia,"May 30, 2011",2017,PG-13,57 min,"Sci-Fi & Fantasy, TV Comedies",A movie about identity set in Indonesia.
s656,TV Show,Bright Heart 656,Anurag Kashyap,"Tom Hardy, Viola Davis, Saoirse Ronan, Mahershala Ali",Mexico,"October 01, 2021",1994,TV-Y,3 Season,Horror Movies,A tv show about survival set in Mexico.
s657,TV Show,Iron Shadow 657,Bong Joon-ho,"Shah Rukh Khan, Song Kang-ho, Saoirse Ronan, Daniel Kaluuya",Canada,"February 20, 2021",1999,TV-PG,5 Seasons,Action & Adventure,A tv show about identity set in Canada.
s658,Movie,Midnight Truth 658,Spike Lee,"Oscar Isaac, Riz Ahmed, Viola Davis, Lupita Nyong'o, Mahershala Ali",France,"August 28, 2015",2007,TV-MA,142 min,"Action & Adventure, Anime Series",A movie about survival set in France.
s659,Movie,Bright Memory 659,Spike Lee,"Song Kang-ho, Viola Davis, Mahershala Ali",Indonesia,"May 30, 2013",2021,TV-Y,152 min,Action & Adventure,A movie about family set in Indonesia.
s660,TV Show,Golden Storm 660,Park Chan-wook,"Lupita Nyong'o, Idris Elba, Viola Davis, Tom Hardy, Riz Ahmed",Argentina,"February 06, 2019",2004,PG-13,2 Seasons,"British TV Shows, Reality TV, TV Comedies",A tv show about identity set in Argentina.
s661,Movie,Bright Hour 661,Mira Nair,"Song Kang-ho, Viola Davis",Spain,"July 17, 2021",2016,TV-MA,133 min,"Anime Series, Music & Musicals, Korean TV Shows",A movie about love set in Spain.
s662,TV Show,Dark Truth 662,Hayao Miyazaki,"Penelope Cruz, Oscar Isaac",Australia,"March 30, 2017",1991,PG-13,6 Seasons,"TV Dramas, Horror Movies",A tv show about family set in Australia.
s663,Movie,Lost Whisper 663,Park Chan-wook,"Penelope Cruz, Lupita Nyong'o, Florence Pugh",Australia,"October 26, 2015",2001,TV-14,130 min,"Music & Musicals, Reality TV",A movie about power set in Australia.
s664,TV Show,Crimson Whisper 664,Christopher Nolan,"Florence Pugh, Idris Elba",Japan,"July 14, 2012",2006,TV-Y7,6 Season,"TV Dramas, Romantic Movies",A tv show about crime set in Japan.
s665,Movie,Midnight Garden 665,Pedro Almodovar,"Idris Elba, Penelope Cruz, Oscar Isaac, Mahershala Ali",,"May 30, 2021",2015,TV-PG,132 min,"TV Dramas, TV Comedies, Documentaries",A movie about survival set in an unnamed place.
s666,Movie,Golden Project 666,Greta Gerwig,"Tilda Swinton, Song Kang-ho",India,"June 23, 2011",2007,R,101 min,Horror Movies,A movie about survival set in India.
s667,Movie,Crimson Promise 667,,"Daniel Kaluuya, Riz Ahmed",China,"September 27, 2020",2002,G,193 min,"Independent Movies, TV Comedies",A movie about power set in China.
s668,Movie,Sacred Whisper 668,Greta Gerwig,"Deepika Padukone, Idris Elba, Lupita Nyong'o, Zendaya",,"March 20, 2015",2005,NR,77 min,Korean TV Shows,A movie about power set in an unnamed place.
s669,Movie,Eternal Kingdom 669,Mira Nair,"Deepika Padukone, Daniel Kaluuya, Saoirse Ronan, Oscar Isaac",Egypt,"February 24, 2019",2017,TV-PG,50 min,"Anime Series, Reality TV, International Movies",A movie about family set in Egypt.
s670,Movie,Golden Promise 670,,"Lupita Nyong'o, Zendaya, Mahershala Ali, Tom Hardy",Argentina,"December 28, 2010",2015,TV-Y7,124 min,"Sci-Fi & Fantasy, Crime TV Shows, Horror Movies",A movie about identity set in Argentina.
s671,TV Show,Frozen Shadow 671,,"Tom Hardy, Oscar Isaac, Daniel Kaluuya, Mahershala Ali",Philippines,"August 04, 2009",1994,TV-PG,4 Season,"Romantic Movies, Music & Musicals, Dramas",A tv show about power set in Philippines.
s672,TV Show,Golden Kingdom 672,Christopher Nolan,"Riz Ahmed, Penelope Cruz, Mahershala Ali, Deepika Padukone, Shah Rukh Khan",Japan,"December 19, 2015",2001,PG-13,8 Season,"TV Comedies, Thrillers",A tv show about crime set in Japan.
s673,Movie,Iron Hour 673,,"Lupita Nyong'o, Tom Hardy",India,"April 29, 2009",2013,TV-MA,180 min,Dramas,A movie about family set in India.
s674,Movie,Lost Truth 674,Mira Nair,"Idris Elba, Song Kang-ho",Argentina,"November 23, 2012",2012,TV-PG,198 min,"Independent Movies, Romantic Movies",A movie about survival set in Argentina.
s675,TV Show,Bright Truth 675,,"Tom Hardy, Oscar Isaac, Daniel Kaluuya, Lupita Nyong'o, Viola Davis",Mexico,"June 01, 2010",2012,NR,9 Season,British TV Shows,A tv show about crime set in Mexico.
s676,Movie,Velvet City 676,Spike Lee,"Zendaya, Viola Davis, Tilda Swinton, Lupita Nyong'o, Daniel Kaluuya",Brazil,"January 03, 2019",2002,TV-MA,136 min,British TV Shows,A movie about power set in Brazil.
s677,TV Show,Dark Code 677,,"Florence Pugh, Daniel Kaluuya, Lupita Nyong'o, Tilda Swinton",Australia,"June 10, 2012",2008,TV-Y,7 Seasons,British TV Shows,A tv show about love set in Australia.
s678,Movie,Eternal Legacy 678,Hayao Miyazaki,"Viola Davis, Lupita Nyong'o, Riz Ahmed, Tom Hardy",United Kingdom,"March 05, 2021",2001,TV-MA,181 min,International Movies,A movie about family set in United Kingdom.
s679,Movie,Eternal Legacy 679,,"Idris Elba, Lupita Nyong'o, Daniel Kaluuya, Tilda Swinton, Mahershala Ali",,"April 03, 2018",2001,PG,63 min,"Thrillers, British TV Shows, Music & Musicals",A movie about identity set in an unnamed place.
s680,Movie,Lost Empire 680,Bong Joon-ho,"Oscar Isaac, Tom Hardy",Australia,"September 29, 2016",2004,TV-Y,56 min,Documentaries,A movie about identity set in Australia.
s681,Movie,Iron Storm 681,Hayao Miyazaki,"Penelope Cruz, Zendaya, Tilda Swinton, Mahershala Ali",Turkey,"April 29, 2017",2016,R,169 min,"Music & Musicals, Dramas",A movie about power set in Turkey.
s682,Movie,Lost Memory 682,Anurag Kashyap,"Shah Rukh Khan, Tilda Swinton, Viola Davis",Argentina,"January 16, 2020",2010,PG-13,146 min,"Reality TV, Sci-Fi & Fantasy",A movie about family set in Argentina.
s683,TV Show,Hidden Kingdom 683,Hayao Miyazaki,"Shah Rukh Khan, Lupita Nyong'o, Riz Ahmed",France,"October 19, 2008",2020,TV-14,4 Season,"Romantic Movies, Comedies",A tv show about power set in France.
s684,TV Show,Crimson Shadow 684,Spike Lee,"Viola Davis, Tilda Swinton, Lupita Nyong'o, Florence Pugh, Song Kang-ho",Australia,"April 26, 2008",1999,PG-13,3 Season,International Movies,A tv show about survival set in Australia.
s685,Movie,Hidden Legacy 685,,"Tilda Swinton, Daniel Kaluuya, Mahershala Ali",Egypt,"July 06, 2013",2008,TV-PG,185 min,"International Movies, Action & Adventure",A movie about power set in Egypt.
s686,Movie,Frozen Legacy 686,,"Mahershala Ali, Tom Hardy, Shah Rukh Khan, Viola Davis",United States,"August 14, 2020",1993,NR,75 min,International Movies,A movie about identity set in United States.
s687,Movie,Lost Hour 687,Spike Lee,"Oscar Isaac, Tilda Swinton, Daniel Kaluuya, Penelope Cruz, Deepika Padukone",Spain,"September 27, 2021",2006,TV-Y7,167 min,Anime Series,A movie about identity set in Spain.
s688,TV Show,Crimson Promise 688,Ava DuVernay,"Lupita Nyong'o, Zendaya, Shah Rukh Khan, Idris Elba, Mahershala Ali",,"March 25, 2011",1992,G,4 Seasons,TV Dramas,A tv show about crime set in an unnamed place.
s689,TV Show,Broken City 689,Ava DuVernay,"Zendaya, Idris Elba, Daniel Kaluuya, Riz Ahmed, Tilda Swinton",Nigeria,"November 12, 2012",2002,NR,6 Seasons,"Stand-Up Comedy, TV Dramas, Sci-Fi & Fantasy",A tv show about crime set in Nigeria.
s690,Movie,Wild Kingdom 690,Spike Lee,"Viola Davis, Song Kang-ho, Zendaya, Idris Elba, Lupita Nyong'o",Italy,"September 07, 2017",2001,TV-MA,97 min,"Independent Movies, Romantic Movies",A movie about family set in Italy.
s691,TV Show,Iron Code 691,Park Chan-wook,"Saoirse Ronan, Penelope Cruz, Idris Elba",France,"November 30, 2018",2010,NR,9 Seasons,Action & Adventure,A tv show about love set in France.
s692,Movie,Lost City 692,Martin Scorsese,"Tilda Swinton, Zendaya",South Korea,"October 10, 2012",2009,PG,125 min,"Anime Series, British TV Shows, Crime TV Shows",A movie about power set in South Korea.
s693,Movie,Hidden Kingdom 693,Anurag Kashyap,"Idris Elba, Penelope Cruz, Viola Davis",Indonesia,"August 06, 2020",2020,PG-13,108 min,Documentaries,A movie about survival set in Indonesia.
s694,Movie,Lost Promise 694,Spike Lee,"Tom Hardy, Oscar Isaac, Mahershala Ali",Brazil,"February 12, 2021",2001,TV-MA,170 min,"Independent Movies, TV Dramas, Crime TV Shows",A movie about love set in Brazil.
s695,TV Show,Midnight Promise 695,,"Saoirse Ronan, Viola Davis, Florence Pugh, Tilda Swinton, Song Kang-ho",Australia,"November 11, 2009",2012,TV-Y7,1 Seasons,"Stand-Up Comedy, Romantic Movies, TV Dramas",A tv show about family set in Australia.
s696,Movie,Hidden Legacy 696,Martin Scorsese,"Viola Davis, Tilda Swinton, Song Kang-ho",Germany,"September 16, 2017",2011,TV-Y7,65 min,"Reality TV, International Movies",A movie about crime set in Germany.
s697,TV Show,Bright Code 697,,"Florence Pugh, Song Kang-ho, Deepika Padukone, Penelope Cruz",Germany,"July 12, 2015",2013,TV-Y,7 Seasons,TV Dramas,A tv show about power set in Germany.
s698,Movie,Crimson Heart 698,Christopher Nolan,"Tilda Swinton, Riz Ahmed",Canada,,1998,TV-14,107 min,Romantic Movies,A movie about family set in Canada.
s699,Movie,Velvet Truth 699,,,,"August 26, 2015",1994,TV-Y7,129 min,"Action & Adventure, Music & Musicals, International Movies",A movie about power set in an unnamed place.
s700,Movie,Bright Memory 700,Anurag Kashyap,,United States,"March 24, 2013",2003,TV-14,144 min,"Korean TV Shows, Thrillers",A movie about survival set in United States.
s701,TV Show,Golden Heart 701,Anurag Kashyap,"Zendaya, Shah Rukh Khan",United Kingdom,"June 07, 2012",2006,G,4 Seasons,"Comedies, Thrillers, Romantic Movies",A tv show about family set in United Kingdom.
s702,TV Show,Crimson Promise 702,Mira Nair,"Oscar Isaac, Song Kang-ho, Penelope Cruz, Saoirse Ronan, Idris Elba",Nigeria,,2006,TV-PG,2 Season,"TV Dramas, International Movies",A tv show about identity set in Nigeria.
s703,TV Show,Broken Kingdom 703,Ava DuVernay,"Tilda Swinton, Oscar Isaac",Brazil,"July 31, 2021",1994,PG,8 Season,"TV Dramas, British TV Shows",A tv show about family set in Brazil.
s704,TV Show,Eternal Legacy 704,Bong Joon-ho,"Viola Davis, Mahershala Ali, Idris Elba",Egypt,"January 16, 2017",2019,TV-Y7,8 Season,"TV Comedies, Stand-Up Comedy, Dramas",A tv show about crime set in Egypt.
s705,TV Show,Broken Project 705,Hayao Miyazaki,"Idris Elba, Shah Rukh Khan, Oscar Isaac, Zendaya, Song Kang-ho",Italy,"January 28, 2014",2011,TV-Y7,7 Season,"Children & Family Movies, Horror Movies, Thrillers",A tv show about survival set in Italy.
s706,Movie,Wild Shadow 706,Anurag Kashyap,"Mahershala Ali, Viola Davis",,"September 10, 2018",2008,G,171 min,Stand-Up Comedy,A movie about survival set in an unnamed place.
s707,Movie,Hidden Hour 707,,"Song Kang-ho, Oscar Isaac, Shah Rukh Khan, Lupita Nyong'o, Saoirse Ronan",Brazil,"November 15, 2010",2013,TV-Y7,61 min,Anime Series,A movie about family set in Brazil.
s708,Movie,Crimson Whisper 708,Denis Villeneuve,"Lupita Nyong'o, Daniel Kaluuya, Idris Elba, Oscar Isaac, Riz Ahmed",France,"November 01, 2020",2004,NR,105 min,British TV Shows,A movie about identity set in France.
s709,Movie,Lost Whisper 709,Christopher Nolan,"Tilda Swinton, Viola Davis, Lupita Nyong'o",Indonesia,"December 19, 2013",1994,R,115 min,"Documentaries, TV Dramas, International Movies",A movie about survival set in Indonesia.
s710,Movie,Iron Empire 710,Mira Nair,"Lupita Nyong'o, Idris Elba, Deepika Padukone",Indonesia,"June 26, 2012",2002,NR,199 min,Sci-Fi & Fantasy,A movie about power set in Indonesia.
s711,Movie,Bright Garden 711,Pedro Almodovar,"Riz Ahmed, Mahershala Ali, Daniel Kaluuya, Tom Hardy, Saoirse Ronan",France,"August 24, 2008",2016,TV-Y7,82 min,"TV Comedies, Reality TV",A movie about crime set in France.
s712,Movie,Sacred Whisper 712,,"Penelope Cruz, Mahershala Ali, Oscar Isaac, Deepika Padukone",Philippines,"May 18, 2008",1997,PG,186 min,"TV Dramas, Documentaries",A movie about family set in Philippines.
s713,TV Show,Broken Legacy 713,,"Florence Pugh, Shah Rukh Khan, Idris Elba, Oscar Isaac",India,"April 08, 2015",1992,TV-MA,3 Seasons,Documentaries,A tv show about crime set in India.
s714,Movie,Silent Memory 714,,"Tilda Swinton, Viola Davis, Penelope Cruz, Idris Elba",Argentina,"May 24, 2009",2016,TV-Y,84 min,"Comedies, Thrillers, Anime Series",A movie about crime set in Argentina.
s715,Movie,Bright Project 715,Bong Joon-ho,,United States,"January 21, 2013",2020,R,104 min,Documentaries,A movie about identity set in United States.
s716,Movie,Broken Truth 716,Hayao Miyazaki,,Argentina,,2016,TV-MA,96 min,"International Movies, Thrillers, Horror Movies",A movie about identity set in Argentina.
s717,Movie,Eternal Memory 717,,"Florence Pugh, Song Kang-ho, Shah Rukh Khan",Indonesia,"June 22, 2020",2013,TV-PG,96 min,"Children & Family Movies, Crime TV Shows, Thrillers",A movie about family set in Indonesia.
s718,TV Show,Broken Kingdom 718,Spike Lee,,Nigeria,"August 03, 2012",2001,TV-Y,2 Seasons,Thrillers,A tv show about identity set in Nigeria.
s719,TV Show,Hidden Project 719,Bong Joon-ho,"Mahershala Ali, Deepika Padukone, Tom Hardy, Tilda Swinton",Philippines,"August 29, 2013",2003,PG-13,1 Season,Crime TV Shows,A tv show about crime set in Philippines.
s720,Movie,Golden Shadow 720,Spike Lee,"Daniel Kaluuya, Deepika Padukone, Lupita Nyong'o",Spain,"May 28, 2010",1990,NR,57 min,Children & Family Movies,A movie about love set in Spain.
s721,Movie,Broken Memory 721,Anurag Kashyap,,South Korea,"May 12, 2016",1994,TV-MA,121 min,Action & Adventure,A movie about family set in South Korea.
s722,Movie,Wild City 722,Bong Joon-ho,"Daniel Kaluuya, Shah Rukh Khan",,"April 07, 2013",2019,NR,187 min,"Children & Family Movies, Dramas",A movie about power set in an unnamed place.
s723,Movie,Midnight Memory 723,Bong Joon-ho,,United States,"September 12, 2017",2019,TV-MA,192 min,Comedies,A movie about family set in United States.
s724,TV Show,Golden Heart 724,,"Penelope Cruz, Song Kang-ho, Mahershala Ali, Deepika Padukone",India,"October 06, 2017",2021,TV-MA,5 Season,"TV Dramas, Anime Series, British TV Shows",A tv show about identity set in India.
s725,Movie,Iron City 725,Pedro Almodovar,"Mahershala Ali, Penelope Cruz, Shah Rukh Khan, Oscar Isaac",Egypt,"July 23, 2014",1999,TV-Y7,183 min,"TV Dramas, Stand-Up Comedy",A movie about love set in Egypt.
s726,Movie,Bright Promise 726,Denis Villeneuve,"Idris Elba, Zendaya, Tom Hardy, Daniel Kaluuya, Lupita Nyong'o",France,"February 12, 2020",2000,NR,80 min,TV Comedies,A movie about love set in France.
s727,TV Show,Bright Kingdom 727,Pedro Almodovar,,United States,"May 06, 2020",2000,PG,8 Season,"TV Dramas, Reality TV, TV Comedies",A tv show about identity set in United States.
s728,Movie,Broken Garden 728,Ava DuVernay,"Deepika Padukone, Tilda Swinton",France,"March 22, 2012",1990,G,72 min,"Documentaries, Comedies",A movie about power set in France.
s729,TV Show,Crimson Truth 729,Bong Joon-ho,"Penelope Cruz, Tom Hardy",,"August 23, 2012",2001,TV-14,2 Season,Stand-Up Comedy,A tv show about family set in an unnamed place.
s730,Movie,Lost Memory 730,Denis Villeneuve,"Oscar Isaac, Penelope Cruz, Daniel Kaluuya",Argentina,"April 22, 2021",1992,TV-MA,172 min,"TV Dramas, Dramas",A movie about family set in Argentina.
s731,TV Show,Dark Truth 731,Pedro Almodovar,"Mahershala Ali, Tilda Swinton, Deepika Padukone, Tom Hardy, Penelope Cruz",,"December 12, 2009",2020,TV-14,2 Season,"Action & Adventure, Anime Series, TV Comedies",A tv show about power set in an unnamed place.
s732,Movie,Velvet Heart 732,,"Penelope Cruz, Oscar Isaac, Daniel Kaluuya, Viola Davis, Tom Hardy",Philippines,"August 19, 2008",2018,TV-PG,163 min,"Independent Movies, TV Comedies",A movie about identity set in Philippines.
s733,Movie,Lost Storm 733,Ava DuVernay,"Zendaya, Saoirse Ronan, Riz Ahmed",Mexico,"July 27, 2017",1997,TV-14,95 min,"British TV Shows, Horror Movies",A movie about love set in Mexico.
s734,Movie,Golden Truth 734,Anurag Kashyap,"Oscar Isaac, Shah Rukh Khan",Philippines,"February 16, 2013",2018,TV-14,70 min,Documentaries,A movie about crime set in Philippines.
s735,TV Show,Velvet Code 735,,"Tom Hardy, Mahershala Ali, Lupita Nyong'o, Zendaya, Idris Elba",Canada,"October 01, 2008",2007,TV-Y,2 Season,"TV Dramas, British TV Shows",A tv show about survival set in Canada.
s736,Movie,Crimson City 736,Anurag Kashyap,"Shah Rukh Khan, Oscar Isaac, Daniel Kaluuya",Egypt,"March 30, 2020",2013,TV-Y7,62 min,"Romantic Movies, Independent Movies, Stand-Up Comedy",A movie about love set in Egypt.
s737,Movie,Crimson Garden 737,,"Tom Hardy, Idris Elba, Daniel Kaluuya, Lupita Nyong'o, Riz Ahmed",Germany,"March 13, 2008",2009,TV-PG,126 min,British TV Shows,A movie about crime set in Germany.
s738,Movie,Wild Heart 738,Christopher Nolan,"Saoirse Ronan, Tilda Swinton",Nigeria,"July 11, 2009",2020,TV-14,189 min,Horror Movies,A movie about power set in Nigeria.
s739,TV Show,Dark Hour 739,Bong Joon-ho,"Viola Davis, Florence Pugh, Penelope Cruz, Tom Hardy, Idris Elba",United States,"May 19, 2016",2015,R,3 Seasons,"Stand-Up Comedy, Romantic Movies, Horror Movies",A tv show about identity set in United States.
s740,Movie,Wild Truth 740,,"Shah Rukh Khan, Lupita Nyong'o, Viola Davis, Mahershala Ali, Daniel Kaluuya",India,"October 26, 2016",2007,PG,122 min,"Music & Musicals, Crime TV Shows, Sci-Fi & Fantasy",A movie about survival set in India.
s741,Movie,Broken Truth 741,Ava DuVernay,"Daniel Kaluuya, Idris Elba, Viola Davis",Australia,"October 28, 2021",1994,PG-13,114 min,"Music & Musicals, Korean TV Shows",A movie about crime set in Australia.
s742,Movie,Bright Whisper 742,Mira Nair,"Penelope Cruz, Riz Ahmed, Idris Elba, Lupita Nyong'o",Germany,"July 04, 2017",2002,TV-PG,120 min,TV Dramas,A movie about power set in Germany.
s743,Movie,Eternal Garden 743,Mira Nair,"Oscar Isaac, Tilda Swinton",Indonesia,"July 26, 2015",2001,TV-Y7,140 min,TV Comedies,A movie about survival set in Indonesia.
s744,TV Show,Bright Code 744,Denis Villeneuve,"Lupita Nyong'o, Viola Davis",China,"January 27, 2008",1994,PG-13,8 Seasons,"Independent Movies, Children & Family Movies, Korean TV Shows",A tv show about identity set in China.
s745,Movie,Hidden Empire 745,Park Chan-wook,"Daniel Kaluuya, Penelope Cruz",Canada,"October 03, 2010",2013,TV-MA,55 min,Children & Family Movies,A movie about love set in Canada.
s746,Movie,Hidden Promise 746,Ava DuVernay,"Viola Davis, Zendaya, Tilda Swinton",United States,"March 20, 2014",2008,R,101 min,"Music & Musicals, Independent Movies, Children & Family Movies",A movie about identity set in United States.
s747,Movie,Crimson Promise 747,,"Idris Elba, Florence Pugh, Riz Ahmed",China,"August 06, 2011",1995,NR,114 min,"Action & Adventure, Music & Musicals",A movie about crime set in China.
s748,TV Show,Crimson Garden 748,Anurag Kashyap,"Lupita Nyong'o, Viola Davis, Tom Hardy",Mexico,"June 13, 2021",2014,R,2 Seasons,"Anime Series, Music & Musicals",A tv show about crime set in Mexico.
s749,TV Show,Broken Project 749,Hayao Miyazaki,,South Korea,"January 09, 2019",2017,G,6 Season,"Korean TV Shows, TV Comedies",A tv show about survival set in South Korea.
s750,Movie,Eternal Promise 750,Mira Nair,"Idris Elba, Florence Pugh, Penelope Cruz, Song Kang-ho, Zendaya",Italy,"July 09, 2014",2004,TV-Y7,51 min,"Independent Movies, Horror Movies, Comedies",A movie about survival set in Italy.
s751,TV Show,Lost Shadow 751,Denis Villeneuve,"Riz Ahmed, Mahershala Ali, Deepika Padukone, Penelope Cruz, Viola Davis",Brazil,"March 22, 2016",2006,TV-PG,4 Seasons,"Korean TV Shows, Music & Musicals, Thrillers",A tv show about love set in Brazil.
s752,TV Show,Eternal Empire 752,Christopher Nolan,"Shah Rukh Khan, Oscar Isaac, Mahershala Ali",Germany,"September 21, 2013",2018,TV-PG,7 Season,Horror Movies,A tv show about survival set in Germany.
s753,Movie,Frozen Kingdom 753,,,,"December 12, 2011",2008,TV-Y,87 min,Dramas,A movie about crime set in an unnamed place.
s754,Movie,Midnight Kingdom 754,Greta Gerwig,"Song Kang-ho, Florence Pugh, Deepika Padukone",Brazil,"June 05, 2011",2001,TV-MA,128 min,Children & Family Movies,A movie about identity set in Brazil.
s755,TV Show,Frozen Legacy 755,Hayao Miyazaki,"Daniel Kaluuya, Shah Rukh Khan",Spain,"March 27, 2016",2007,TV-Y7,3 Seasons,"Horror Movies, Romantic Movies, International Movies",A tv show about love set in Spain.
s756,TV Show,Silent Empire 756,Pedro Almodovar,"Florence Pugh, Zendaya, Lupita Nyong'o, Deepika Padukone, Tilda Swinton",Brazil,"December 13, 2020",2015,G,7 Season,"Documentaries, International Movies",A tv show about crime set in Brazil.
s757,Movie,Eternal Project 757,Mira Nair,"Florence Pugh, Saoirse Ronan, Idris Elba, Tom Hardy, Riz Ahmed",United States,"April 20, 2011",2018,TV-PG,122 min,"Horror Movies, Documentaries",A movie about love set in United States.
s758,TV Show,Bright Heart 758,Hayao Miyazaki,"Mahershala Ali, Zendaya, Song Kang-ho, Deepika Padukone, Shah Rukh Khan",India,"April 07, 2011",1996,TV-MA,6 Seasons,"Stand-Up Comedy, Comedies",A tv show about identity set in India.
s759,Movie,Dark Legacy 759,Martin Scorsese,"Shah Rukh Khan, Idris Elba, Zendaya, Song Kang-ho, Saoirse Ronan",Japan,,1996,G,114 min,Dramas,A movie about identity set in Japan.
s760,Movie,Frozen Whisper 760,,"Mahershala Ali, Oscar Isaac, Idris Elba, Saoirse Ronan, Riz Ahmed",,"October 07, 2010",2018,TV-Y,176 min,Reality TV,A movie about power set in an unnamed place.
s761,TV Show,Frozen Kingdom 761,Anurag Kashyap,"Tilda Swinton, Daniel Kaluuya, Mahershala Ali, Deepika Padukone, Riz Ahmed",Germany,"May 27, 2012",1995,PG-13,7 Season,Sci-Fi & Fantasy,A tv show about love set in Germany.
s762,TV Show,Crimson Shadow 762,Hayao Miyazaki,"Riz Ahmed, Lupita Nyong'o, Oscar Isaac",South Korea,,1994,TV-MA,5 Seasons,Horror Movies,A tv show about survival set in South Korea.
s763,TV Show,Silent City 763,Christopher Nolan,,Australia,"May 06, 2016",2020,PG-13,9 Seasons,"Crime TV Shows, Music & Musicals, Korean TV Shows",A tv show about crime set in Australia.
s764,Movie,Dark Memory 764,Park Chan-wook,"Deepika Padukone, Riz Ahmed, Tom Hardy",Germany,"May 31, 2019",2009,TV-Y,58 min,"Sci-Fi & Fantasy, Children & Family Movies, Action & Adventure",A movie about crime set in Germany.
s765,Movie,Dark Truth 765,,"Saoirse Ronan, Zendaya, Viola Davis, Mahershala Ali, Lupita Nyong'o",Turkey,"May 27, 2017",2011,R,86 min,"British TV Shows, Comedies, Crime TV Shows",A movie about love set in Turkey.
s766,Movie,Dark Shadow 766,,"Tilda Swinton, Idris Elba",Spain,"January 12, 2019",2015,TV-Y,155 min,Sci-Fi & Fantasy,A movie about crime set in Spain.
s767,Movie,Silent Whisper 767,,"Shah Rukh Khan, Viola Davis, Zendaya, Riz Ahmed, Mahershala Ali",,"January 18, 2019",1995,TV-PG,58 min,British TV Shows,A movie about crime set in an unnamed place.
s768,Movie,Hidden Project 768,Park Chan-wook,"Shah Rukh Khan, Tom Hardy, Daniel Kaluuya, Saoirse Ronan",India,"November 05, 2009",1992,R,88 min,"British TV Shows, Action & Adventure",A movie about family set in India.
s769,Movie,Velvet Project 769,Mira Nair,"Zendaya, Oscar Isaac",Japan,"July 19, 2019",1996,R,117 min,TV Comedies,A movie about family set in Japan.
s770,Movie,Golden Heart 770,Denis Villeneuve,"Oscar Isaac, Tilda Swinton, Mahershala Ali, Penelope Cruz",Spain,"December 08, 2014",2010,TV-Y7,83 min,"Documentaries, International Movies, Comedies",A movie about love set in Spain.
s771,Movie,Midnight Promise 771,,"Shah Rukh Khan, Saoirse Ronan, Florence Pugh",Australia,"October 20, 2018",2017,G,195 min,"Thrillers, British TV Shows",A movie about power set in Australia.
s772,Movie,Silent Shadow 772,,,,"August 27, 2013",2014,TV-Y7,163 min,"TV Comedies, Crime TV Shows, Anime Series",A movie about crime set in an unnamed place.
s773,TV Show,Golden Memory 773,Denis Villeneuve,"Tom Hardy, Riz Ahmed, Florence Pugh",Germany,"December 02, 2018",2011,TV-PG,4 Seasons,"Children & Family Movies, Thrillers",A tv show about power set in Germany.
s774,Movie,Lost Truth 774,,"Mahershala Ali, Idris Elba, Tom Hardy, Viola Davis",Nigeria,"April 25, 2011",2011,G,115 min,"TV Comedies, Korean TV Shows, Thrillers",A movie about survival set in Nigeria.
s775,TV Show,Golden Truth 775,,"Zendaya, Tom Hardy, Saoirse Ronan, Idris Elba",,"May 29, 2009",2020,TV-Y,8 Seasons,"Independent Movies, Horror Movies, Crime TV Shows",A tv show about identity set in an unnamed place.
s776,Movie,Hidden Storm 776,Martin Scorsese,"Florence Pugh, Saoirse Ronan, Tom Hardy, Lupita Nyong'o",Spain,"January 28, 2018",2005,TV-Y,57 min,Children & Family Movies,A movie about identity set in Spain.
s777,TV Show,Frozen Shadow 777,,"Viola Davis, Deepika Padukone, Oscar Isaac, Song Kang-ho",China,"August 07, 2010",2005,TV-Y,9 Seasons,Reality TV,A tv show about power set in China.
s778,Movie,Iron Shadow 778,,"Tom Hardy, Viola Davis, Shah Rukh Khan, Mahershala Ali, Florence Pugh",Mexico,"April 27, 2017",2000,R,86 min,"Action & Adventure, Sci-Fi & Fantasy",A movie about family set in Mexico.
s779,TV Show,Golden Legacy 779,Christopher Nolan,"Tom Hardy, Song Kang-ho",,"January 21, 2014",2001,TV-Y7,6 Season,"Anime Series, Korean TV Shows, Action & Adventure",A tv show about survival set in an unnamed place.
s780,Movie,Hidden Truth 780,,"Idris Elba, Penelope Cruz, Florence Pugh, Song Kang-ho",Germany,"November 29, 2021",1995,TV-PG,82 min,"Romantic Movies, Korean TV Shows",A movie about power set in Germany.
s781,Movie,Wild City 781,Denis Villeneuve,,Turkey,"June 29, 2019",2015,R,168 min,"Comedies, Horror Movies, British TV Shows",A movie about identity set in Turkey.
s782,TV Show,Broken Whisper 782,Bong Joon-ho,"Zendaya, Song Kang-ho",,"May 09, 2016",2011,TV-MA,6 Seasons,Documentaries,A tv show about love set in an unnamed place.
s783,Movie,Frozen Truth 783,,"Tilda Swinton, Viola Davis, Oscar Isaac, Florence Pugh, Tom Hardy",Australia,"January 17, 2020",2017,TV-14,59 min,"Documentaries, Children & Family Movies",A movie about survival set in Australia.
s784,TV Show,Hidden Whisper 784,Christopher Nolan,"Shah Rukh Khan, Deepika Padukone, Saoirse Ronan, Mahershala Ali",United States,,2008,TV-14,3 Seasons,"Music & Musicals, Action & Adventure, TV Dramas",A tv show about love set in United States.
s785,Movie,Hidden Truth 785,Christopher Nolan,"Shah Rukh Khan, Song Kang-ho, Tom Hardy",China,"October 14, 2009",2009,PG-13,70 min,"International Movies, Sci-Fi & Fantasy",A movie about survival set in China.
s786,Movie,Eternal Storm 786,Anurag Kashyap,,Philippines,,2020,PG,148 min,"Action & Adventure, Children & Family Movies, Romantic Movies",A movie about identity set in Philippines.
s787,TV Show,Bright Truth 787,,"Song Kang-ho, Tilda Swinton, Florence Pugh",,"November 03, 2010",2000,G,4 Seasons,Korean TV Shows,A tv show about family set in an unnamed place.
s788,Movie,Golden Truth 788,Spike Lee,"Riz Ahmed, Song Kang-ho",Italy,"November 02, 2019",2008,TV-Y,196 min,"Independent Movies, Sci-Fi & Fantasy",A movie about family set in Italy.
s789,Movie,Dark City 789,,"Tom Hardy, Viola Davis, Penelope Cruz, Oscar Isaac, Song Kang-ho",France,"January 05, 2021",1997,R,78 min,"International Movies, Horror Movies, Independent Movies",A movie about power set in France.
s790,Movie,Midnight Hour 790,Bong Joon-ho,"Tom Hardy, Tilda Swinton",Canada,"April 22, 2008",2016,R,159 min,Documentaries,A movie about power set in Canada.
s791,Movie,Midnight Project 791,Hayao Miyazaki,"Zendaya, Tilda Swinton, Song Kang-ho, Daniel Kaluuya",Italy,"June 11, 2013",2021,PG-13,156 min,Children & Family Movies,A movie about love set in Italy.
s792,Movie,Silent Empire 792,Martin Scorsese,"Penelope Cruz, Daniel Kaluuya, Viola Davis, Saoirse Ronan",Germany,"April 22, 2008",2020,G,61 min,"Anime Series, TV Dramas, Sci-Fi & Fantasy",A movie about power set in Germany.
s793,Movie,Crimson Memory 793,Spike Lee,"Idris Elba, Deepika Padukone, Song Kang-ho, Zendaya",United States,"November 24, 2018",2014,G,175 min,"Documentaries, Action & Adventure, Children & Family Movies",A movie about power set in United States.
s794,Movie,Hidden Memory 794,,"Florence Pugh, Tom Hardy, Viola Davis, Oscar Isaac",Canada,"May 05, 2014",2006,G,192 min,"Romantic Movies, British TV Shows, Korean TV Shows",A movie about love set in Canada.
s795,Movie,Lost Whisper 795,Pedro Almodovar,"Tom Hardy, Deepika Padukone, Song Kang-ho, Shah Rukh Khan",Mexico,"July 12, 2017",2006,PG-13,195 min,TV Comedies,A movie about power set in Mexico.
s796,TV Show,Velvet Code 796,Christopher Nolan,"Deepika Padukone, Idris Elba, Tom Hardy",Brazil,"May 29, 2013",2011,TV-Y,9 Season,Action & Adventure,A tv show about identity set in Brazil.
s797,TV Show,Crimson Shadow 797,Bong Joon-ho,"Song Kang-ho, Tilda Swinton",China,"January 16, 2011",2004,R,6 Season,"Dramas, Independent Movies",A tv show about survival set in China.
s798,Movie,Hidden Hour 798,Spike Lee,"Tilda Swinton, Zendaya",Canada,"August 12, 2013",2005,PG-13,183 min,Dramas,A movie about survival set in Canada.
s799,TV Show,Crimson Truth 799,Denis Villeneuve,"Lupita Nyong'o, Tom Hardy, Penelope Cruz",Brazil,"June 23, 2020",2000,TV-14,1 Seasons,Romantic Movies,A tv show about crime set in Brazil.
s800,Movie,Lost Memory 800,,"Saoirse Ronan, Daniel Kaluuya, Deepika Padukone",,"November 15, 2021",1998,R,138 min,"Sci-Fi & Fantasy, Stand-Up Comedy, Documentaries",A movie about power set in an unnamed place.
s801,Movie,Bright Promise 801,Martin Scorsese,"Idris Elba, Tilda Swinton",Turkey,"July 14, 2011",2003,TV-Y,72 min,"Horror Movies, Romantic Movies",A movie about family set in Turkey.
s802,TV Show,Golden Legacy 802,Pedro Almodovar,"Zendaya, Shah Rukh Khan, Riz Ahmed, Oscar Isaac",Philippines,"January 26, 2018",2017,TV-Y7,5 Season,"Thrillers, Dramas, Music & Musicals",A tv show about survival set in Philippines.
s803,Movie,Sacred Legacy 803,Christopher Nolan,"Saoirse Ronan, Zendaya",,"December 19, 2019",1997,TV-Y,193 min,"Documentaries, International Movies, Korean TV Shows",A movie about crime set in an unnamed place.
s804,Movie,Crimson Truth 804,,"Deepika Padukone, Lupita Nyong'o",Australia,"February 05, 2010",2006,G,79 min,International Movies,A movie about survival set in Australia.
s805,Movie,Dark Garden 805,,"Saoirse Ronan, Oscar Isaac",Turkey,"April 05, 2020",1995,PG,162 min,Children & Family Movies,A movie about family set in Turkey.
s806,Movie,Sacred Empire 806,Park Chan-wook,"Shah Rukh Khan, Idris Elba",Philippines,"April 08, 2012",2020,TV-14,157 min,"TV Dramas, International Movies, Dramas",A movie about power set in Philippines.
s807,Movie,Eternal Whisper 807,Christopher Nolan,"Oscar Isaac, Saoirse Ronan, Shah Rukh Khan, Viola Davis",France,"December 04, 2020",2020,G,64 min,Romantic Movies,A movie about family set in France.
s808,Movie,Sacred Empire 808,Spike Lee,,United States,"February 04, 2009",1990,R,141 min,"Crime TV Shows, Comedies",A movie about family set in United States.
s809,TV Show,Hidden Legacy 809,,"Deepika Padukone, Penelope Cruz",Germany,"March 19, 2015",2013,PG,5 Seasons,"TV Comedies, International Movies, Reality TV",A tv show about power set in Germany.
s810,Movie,Wild Empire 810,Bong Joon-ho,"Mahershala Ali, Florence Pugh, Tom Hardy, Zendaya, Oscar Isaac",Nigeria,"June 12, 2009",1993,TV-MA,76 min,"Children & Family Movies, Korean TV Shows",A movie about love set in Nigeria.
s811,TV Show,Bright Legacy 811,Greta Gerwig,"Idris Elba, Lupita Nyong'o, Deepika Padukone, Riz Ahmed",Spain,"June 24, 2016",2002,TV-14,7 Season,Comedies,A tv show about crime set in Spain.
s812,Movie,Velvet Hour 812,Anurag Kashyap,"Riz Ahmed, Saoirse Ronan, Shah Rukh Khan, Tom Hardy",Turkey,"December 05, 2010",2013,G,155 min,Action & Adventure,A movie about family set in Turkey.
s813,TV Show,Hidden Kingdom 813,Martin Scorsese,"Florence Pugh, Shah Rukh Khan, Idris Elba, Daniel Kaluuya",Mexico,"December 12, 2008",2001,R,6 Season,"Romantic Movies, Sci-Fi & Fantasy, Thrillers",A tv show about power set in Mexico.
s814,Movie,Midnight Heart 814,Hayao Miyazaki,"Tom Hardy, Florence Pugh, Song Kang-ho, Mahershala Ali",Spain,"March 27, 2019",2001,PG-13,129 min,"Documentaries, Anime Series, International Movies",A movie about power set in Spain.
s815,Movie,Lost Storm 815,Martin Scorsese,"Deepika Padukone, Song Kang-ho, Zendaya, Riz Ahmed",Brazil,"October 20, 2019",2006,TV-14,146 min,"Horror Movies, Documentaries, Action & Adventure",A movie about love set in Brazil.
s816,Movie,Velvet Heart 816,Ava DuVernay,"Viola Davis, Oscar Isaac",Spain,"June 09, 2012",2021,TV-Y,127 min,International Movies,A movie about survival set in Spain.
s817,TV Show,Golden Kingdom 817,Mira Nair,"Tilda Swinton, Penelope Cruz, Viola Davis, Deepika Padukone, Lupita Nyong'o",China,"October 06, 2019",1990,,3 Season,Dramas,A tv show about identity set in China.
s818,Movie,Sacred Shadow 818,,"Deepika Padukone, Mahershala Ali",Argentina,"February 26, 2019",2006,NR,75 min,"Stand-Up Comedy, Dramas, Thrillers",A movie about survival set in Argentina.
s819,Movie,Sacred Whisper 819,,,United Kingdom,"October 18, 2019",2008,PG-13,102 min,TV Comedies,A movie about identity set in United Kingdom.
s820,Movie,Dark Empire 820,Hayao Miyazaki,"Penelope Cruz, Oscar Isaac, Zendaya",United Kingdom,"March 02, 2014",2011,TV-14,68 min,"International Movies, Sci-Fi & Fantasy",A movie about crime set in United Kingdom.
s821,Movie,Broken Memory 821,,"Tilda Swinton, Song Kang-ho",Italy,"January 14, 2009",1996,TV-PG,154 min,International Movies,A movie about crime set in Italy.
s822,TV Show,Lost Legacy 822,Denis Villeneuve,"Tom Hardy, Penelope Cruz",Egypt,"October 09, 2012",1996,R,5 Seasons,"International Movies, Stand-Up Comedy",A tv show about identity set in Egypt.
s823,Movie,Broken Code 823,,"Riz Ahmed, Florence Pugh, Lupita Nyong'o, Tilda Swinton, Shah Rukh Khan",Nigeria,"July 06, 2014",1992,PG-13,186 min,Korean TV Shows,A movie about survival set in Nigeria.
s824,TV Show,Eternal Storm 824,,"Riz Ahmed, Tom Hardy, Song Kang-ho",Brazil,"October 13, 2010",1993,PG,8 Seasons,Music & Musicals,A tv show about love set in Brazil.
s825,Movie,Velvet Code 825,Greta Gerwig,"Tom Hardy, Mahershala Ali, Deepika Padukone",Philippines,"January 13, 2017",2016,NR,141 min,"Sci-Fi & Fantasy, Reality TV, Anime Series",A movie about love set in Philippines.
s826,TV Show,Hidden Promise 826,Denis Villeneuve,"Saoirse Ronan, Idris Elba, Oscar Isaac",United States,"December 11, 2014",2002,R,2 Season,Sci-Fi & Fantasy,A tv show about crime set in United States.
s827,TV Show,Broken Shadow 827,Martin Scorsese,"Daniel Kaluuya, Shah Rukh Khan",Canada,"May 14, 2017",1991,TV-PG,4 Season,"Horror Movies, Korean TV Shows, Music & Musicals",A tv show about family set in Canada.
s828,Movie,Velvet City 828,Bong Joon-ho,"Tom Hardy, Riz Ahmed, Zendaya",United States,"February 20, 2017",1997,NR,156 min,"Dramas, Reality TV",A movie about crime set in United States.
s829,Movie,Sacred Whisper 829,Anurag Kashyap,"Shah Rukh Khan, Florence Pugh, Lupita Nyong'o, Penelope Cruz",Brazil,"August 19, 2009",2003,,168 min,"Action & Adventure, Documentaries",A movie about crime set in Brazil.
s830,TV Show,Eternal Code 830,Christopher Nolan,"Lupita Nyong'o, Penelope Cruz, Daniel Kaluuya",Philippines,"December 20, 2014",2007,TV-MA,1 Seasons,British TV Shows,A tv show about crime set in Philippines.
s831,Movie,Iron Project 831,Mira Nair,"Shah Rukh Khan, Tom Hardy, Viola Davis, Florence Pugh, Penelope Cruz",United Kingdom,"May 02, 2012",2011,TV-MA,57 min,TV Comedies,A movie about identity set in United Kingdom.
s832,Movie,Iron Storm 832,,"Tilda Swinton, Tom Hardy",Japan,"September 14, 2019",2002,TV-Y7,150 min,"Documentaries, International Movies, TV Dramas",A movie about crime set in Japan.
s833,Movie,Hidden Empire 833,Spike Lee,"Florence Pugh, Shah Rukh Khan, Tom Hardy, Mahershala Ali",France,"March 26, 2017",1998,PG,49 min,"Comedies, British TV Shows, Independent Movies",A movie about survival set in France.
s834,TV Show,Silent Code 834,Mira Nair,,United States,"October 02, 2019",2006,R,4 Season,Comedies,A tv show about crime set in United States.
s835,TV Show,Eternal Whisper 835,Anurag Kashyap,"Song Kang-ho, Deepika Padukone, Lupita Nyong'o, Viola Davis, Zendaya",,"September 07, 2011",1996,TV-PG,1 Season,Stand-Up Comedy,A tv show about crime set in an unnamed place.
s836,TV Show,Iron Whisper 836,,"Florence Pugh, Viola Davis, Song Kang-ho, Riz Ahmed",China,"December 07, 2013",1993,TV-PG,6 Season,"Sci-Fi & Fantasy, Korean TV Shows",A tv show about love set in China.
s837,TV Show,Midnight Shadow 837,Martin Scorsese,"Lupita Nyong'o, Riz Ahmed, Viola Davis",China,"March 07, 2011",2019,TV-Y7,9 Season,Comedies,A tv show about love set in China.
s838,TV Show,Iron Kingdom 838,Mira Nair,"Song Kang-ho, Tilda Swinton, Daniel Kaluuya",Turkey,"March 31, 2020",2011,TV-Y7,8 Season,"Horror Movies, Reality TV",A tv show about crime set in Turkey.
s839,TV Show,Dark Legacy 839,,"Riz Ahmed, Tom Hardy, Idris Elba, Song Kang-ho",Egypt,"July 06, 2008",2021,NR,9 Seasons,"TV Comedies, Action & Adventure",A tv show about survival set in Egypt.
s840,Movie,Lost Shadow 840,Spike Lee,"Saoirse Ronan, Riz Ahmed, Florence Pugh, Tom Hardy, Idris Elba",Italy,"November 22, 2009",2000,PG,128 min,"Romantic Movies, Comedies, TV Comedies",A movie about power set in Italy.
s841,TV Show,Eternal Empire 841,Pedro Almodovar,"Lupita Nyong'o, Penelope Cruz",United Kingdom,"November 28, 2011",1994,TV-PG,6 Seasons,"Music & Musicals, International Movies",A tv show about identity set in United Kingdom.
s842,Movie,Sacred Hour 842,Hayao Miyazaki,"Tom Hardy, Shah Rukh Khan, Zendaya, Daniel Kaluuya",India,"February 25, 2013",2017,NR,109 min,"Sci-Fi & Fantasy, Documentaries, Music & Musicals",A movie about identity set in India.
s843,Movie,Golden Code 843,Park Chan-wook,,Brazil,"March 28, 2020",2019,TV-MA,157 min,TV Dramas,A movie about crime set in Brazil.
s844,Movie,Frozen Shadow 844,Spike Lee,"Tom Hardy, Zendaya, Oscar Isaac",Italy,"October 09, 2021",1994,TV-Y7,171 min,"Reality TV, British TV Shows, TV Comedies",A movie about identity set in Italy.
s845,Movie,Velvet Code 845,Pedro Almodovar,"Saoirse Ronan, Idris Elba, Lupita Nyong'o",Argentina,"November 08, 2008",2010,TV-MA,147 min,"Romantic Movies, Horror Movies, TV Dramas",A movie about love set in Argentina.
s846,Movie,Bright Empire 846,Denis Villeneuve,"Florence Pugh, Mahershala Ali, Oscar Isaac, Idris Elba, Tilda Swinton",India,"October 19, 2010",2000,G,90 min,"Crime TV Shows, TV Dramas, Children & Family Movies",A movie about family set in India.
s847,Movie,Frozen Shadow 847,Hayao Miyazaki,"Oscar Isaac, Shah Rukh Khan, Tilda Swinton, Song Kang-ho",France,"December 02, 2020",2007,R,94 min,"Independent Movies, Action & Adventure, Crime TV Shows",A movie about survival set in France.
s848,Movie,Midnight Hour 848,Denis Villeneuve,"Daniel Kaluuya, Shah Rukh Khan, Idris Elba, Penelope Cruz",Philippines,"March 19, 2021",2004,R,132 min,"Music & Musicals, TV Dramas, Action & Adventure",A movie about crime set in Philippines.
s849,TV Show,Frozen Kingdom 849,Hayao Miyazaki,"Daniel Kaluuya, Lupita Nyong'o",Italy,"July 12, 2020",2010,,6 Seasons,"Sci-Fi & Fantasy, Children & Family Movies, Horror Movies",A tv show about love set in Italy.
s850,Movie,Iron Code 850,,"Song Kang-ho, Zendaya",Argentina,"June 19, 2012",2011,PG-13,54 min,TV Dramas,A movie about crime set in Argentina.
s851,Movie,Midnight Whisper 851,Christopher Nolan,"Penelope Cruz, Viola Davis, Song Kang-ho, Mahershala Ali",Indonesia,"May 29, 2017",2020,G,69 min,Stand-Up Comedy,A movie about survival set in Indonesia.
s852,TV Show,Lost Empire 852,Greta Gerwig,"Song Kang-ho, Saoirse Ronan, Florence Pugh",India,"December 23, 2011",2019,G,2 Seasons,"British TV Shows, Reality TV, International Movies",A tv show about identity set in India.
s853,TV Show,Silent Truth 853,Greta Gerwig,"Mahershala Ali, Penelope Cruz, Shah Rukh Khan",Australia,"August 08, 2017",2016,PG,9 Seasons,"Reality TV, Anime Series",A tv show about family set in Australia.
s854,Movie,Silent Promise 854,Denis Villeneuve,"Tilda Swinton, Mahershala Ali, Oscar Isaac, Penelope Cruz",Australia,"October 06, 2021",2008,TV-PG,122 min,"Action & Adventure, Comedies, Stand-Up Comedy",A movie about family set in Australia.
s855,Movie,Bright Project 855,,,Mexico,"February 23, 2013",2004,R,78 min,"Action & Adventure, Crime TV Shows, Independent Movies",A movie about love set in Mexico.
s856,Movie,Eternal Whisper 856,Pedro Almodovar,"Idris Elba, Tilda Swinton, Viola Davis, Saoirse Ronan, Florence Pugh",Nigeria,"August 04, 2016",2014,TV-Y7,81 min,"Horror Movies, Stand-Up Comedy",A movie about survival set in Nigeria.
s857,TV Show,Sacred Heart 857,Greta Gerwig,"Tom Hardy, Shah Rukh Khan, Idris Elba",Japan,"June 16, 2014",2003,TV-14,9 Season,Reality TV,A tv show about love set in Japan.
s858,TV Show,Crimson Project 858,,"Tom Hardy, Tilda Swinton, Saoirse Ronan",India,"March 07, 2008",1995,TV-Y,5 Seasons,Reality TV,A tv show about survival set in India.
s859,Movie,Frozen Promise 859,Hayao Miyazaki,"Zendaya, Shah Rukh Khan",Brazil,"March 13, 2015",2006,PG,188 min,"Children & Family Movies, British TV Shows, Documentaries",A movie about survival set in Brazil.
s860,Movie,Velvet Empire 860,Mira Nair,,Egypt,"June 02, 2020",2005,TV-Y,58 min,"Romantic Movies, Anime Series, Action & Adventure",A movie about power set in Egypt.
s861,Movie,Midnight Heart 861,Bong Joon-ho,"Idris Elba, Riz Ahmed, Tom Hardy",Japan,"September 17, 2020",2003,TV-PG,70 min,"Stand-Up Comedy, Crime TV Shows, Comedies",A movie about power set in Japan.
s862,Movie,Frozen Legacy 862,,"Mahershala Ali, Daniel Kaluuya, Song Kang-ho, Florence Pugh",China,"June 20, 2020",2009,TV-14,170 min,"Anime Series, British TV Shows, Horror Movies",A movie about crime set in China.
s863,TV Show,Hidden Garden 863,Mira Nair,"Daniel Kaluuya, Oscar Isaac, Mahershala Ali, Riz Ahmed",Egypt,"January 21, 2021",2018,,3 Seasons,International Movies,A tv show about family set in Egypt.
s864,Movie,Bright Code 864,Pedro Almodovar,"Penelope Cruz, Deepika Padukone",Australia,"July 09, 2020",2005,TV-MA,70 min,TV Dramas,A movie about survival set in Australia.
s865,TV Show,Golden Project 865,,"Viola Davis, Saoirse Ronan",Argentina,"June 11, 2018",2018,R,6 Seasons,"Romantic Movies, Horror Movies",A tv show about power set in Argentina.
s866,Movie,Bright Empire 866,Martin Scorsese,"Oscar Isaac, Song Kang-ho, Penelope Cruz, Tilda Swinton",Philippines,"November 13, 2020",2010,TV-14,133 min,Thrillers,A movie about power set in Philippines.
s867,Movie,Bright Project 867,,"Mahershala Ali, Tilda Swinton, Tom Hardy",South Korea,"June 21, 2019",2002,R,46 min,"Stand-Up Comedy, British TV Shows, Comedies",A movie about crime set in South Korea.
s868,Movie,Wild Kingdom 868,Christopher Nolan,"Saoirse Ronan, Mahershala Ali",South Korea,"April 29, 2018",2016,TV-PG,58 min,Music & Musicals,A movie about power set in South Korea.
s869,Movie,Midnight Kingdom 869,Christopher Nolan,"Viola Davis, Daniel Kaluuya, Oscar Isaac",Egypt,"September 10, 2015",2018,R,99 min,Sci-Fi & Fantasy,A movie about identity set in Egypt.
s870,Movie,Broken Whisper 870,,,Mexico,"April 28, 2010",1999,PG-13,90 min,Comedies,A movie about family set in Mexico.
s871,Movie,Frozen Hour 871,Pedro Almodovar,"Tom Hardy, Oscar Isaac, Tilda Swinton, Idris Elba",France,"June 03, 2016",1998,,196 min,TV Dramas,A movie about family set in France.
s872,TV Show,Dark Truth 872,,"Penelope Cruz, Mahershala Ali",Indonesia,"January 31, 2021",2021,TV-14,4 Seasons,Documentaries,A tv show about family set in Indonesia.
s873,Movie,Bright Whisper 873,Pedro Almodovar,"Saoirse Ronan, Song Kang-ho, Riz Ahmed, Tom Hardy",United Kingdom,"July 03, 2011",1991,TV-Y7,58 min,"Action & Adventure, TV Dramas",A movie about identity set in United Kingdom.
s874,Movie,Crimson Legacy 874,Martin Scorsese,"Zendaya, Mahershala Ali",United Kingdom,"April 01, 2021",1991,TV-PG,77 min,"Korean TV Shows, Action & Adventure",A movie about family set in United Kingdom.
s875,Movie,Dark Promise 875,Park Chan-wook,"Deepika Padukone, Mahershala Ali",Mexico,"April 25, 2009",1997,,137 min,"British TV Shows, Independent Movies",A movie about power set in Mexico.
s876,Movie,Broken City 876,Mira Nair,,Brazil,"July 14, 2017",2001,PG-13,167 min,Documentaries,A movie about family set in Brazil.
s877,Movie,Lost Kingdom 877,,,Nigeria,"August 24, 2012",1991,TV-Y,186 min,Action & Adventure,A movie about survival set in Nigeria.
s878,Movie,Sacred Kingdom 878,Hayao Miyazaki,"Song Kang-ho, Florence Pugh",Brazil,"April 28, 2011",1991,TV-14,132 min,"International Movies, Anime Series, Comedies",A movie about crime set in Brazil.
s879,Movie,Broken Heart 879,,,Australia,"January 26, 2009",2008,G,115 min,"Sci-Fi & Fantasy, Thrillers",A movie about survival set in Australia.
s880,Movie,Golden Garden 880,,"Mahershala Ali, Lupita Nyong'o, Riz Ahmed",Brazil,"August 19, 2017",2006,R,75 min,"Dramas, Crime TV Shows, Thrillers",A movie about power set in Brazil.
s881,TV Show,Sacred Garden 881,Anurag Kashyap,"Lupita Nyong'o, Riz Ahmed, Penelope Cruz, Zendaya, Florence Pugh",United Kingdom,"June 08, 2009",2005,TV-Y7,1 Season,"TV Comedies, Stand-Up Comedy",A tv show about survival set in United Kingdom.
s882,Movie,Eternal Hour 882,Christopher Nolan,"Zendaya, Oscar Isaac",Egypt,"August 28, 2013",1992,,112 min,"Horror Movies, Reality TV, Independent Movies",A movie about love set in Egypt.
s883,TV Show,Velvet Truth 883,Ava DuVernay,"Tom Hardy, Idris Elba, Song Kang-ho, Tilda Swinton",United Kingdom,"November 11, 2011",1992,NR,9 Season,"Sci-Fi & Fantasy, British TV Shows, TV Comedies",A tv show about identity set in United Kingdom.
s884,Movie,Wild Hour 884,,,Egypt,"April 19, 2017",2014,PG-13,71 min,"TV Comedies, Action & Adventure",A movie about crime set in Egypt.
s885,Movie,Hidden Empire 885,Mira Nair,"Idris Elba, Florence Pugh, Daniel Kaluuya",South Korea,"July 24, 2019",2008,TV-14,159 min,Comedies,A movie about power set in South Korea.
s886,TV Show,Hidden Promise 886,Park Chan-wook,"Zendaya, Tom Hardy, Lupita Nyong'o",China,"May 15, 2010",1995,TV-PG,1 Seasons,"Children & Family Movies, Action & Adventure, Reality TV",A tv show about love set in China.
s887,Movie,Iron Memory 887,Mira Nair,"Saoirse Ronan, Zendaya, Viola Davis, Riz Ahmed, Deepika Padukone",China,"March 07, 2021",2008,G,52 min,Reality TV,A movie about survival set in China.
s888,TV Show,Hidden Legacy 888,,"Mahershala Ali, Lupita Nyong'o, Zendaya, Daniel Kaluuya, Song Kang-ho",Egypt,"May 20, 2016",2018,G,3 Season,Children & Family Movies,A tv show about identity set in Egypt.
s889,Movie,Wild Whisper 889,Christopher Nolan,"Penelope Cruz, Daniel Kaluuya, Oscar Isaac",Indonesia,"November 19, 2009",2000,TV-Y7,196 min,"Romantic Movies, Stand-Up Comedy",A movie about identity set in Indonesia.
s890,TV Show,Silent Heart 890,Hayao Miyazaki,"Viola Davis, Saoirse Ronan, Tom Hardy, Oscar Isaac, Idris Elba",Canada,"December 25, 2009",2017,TV-Y,1 Seasons,"Horror Movies, Romantic Movies, British TV Shows",A tv show about family set in Canada.
s891,Movie,Sacred Memory 891,Bong Joon-ho,"Mahershala Ali, Viola Davis, Florence Pugh, Deepika Padukone, Oscar Isaac",Italy,"January 05, 2009",2016,PG-13,141 min,"Reality TV, Horror Movies",A movie about power set in Italy.
s892,Movie,Velvet Shadow 892,,"Saoirse Ronan, Viola Davis, Deepika Padukone, Tom Hardy",Australia,"March 12, 2011",2000,PG,193 min,Stand-Up Comedy,A movie about family set in Australia.
s893,Movie,Silent Empire 893,Mira Nair,"Lupita Nyong'o, Daniel Kaluuya, Penelope Cruz",Nigeria,"December 02, 2008",2017,PG-13,146 min,"Documentaries, Korean TV Shows",A movie about survival set in Nigeria.
s894,Movie,Midnight Shadow 894,,"Oscar Isaac, Viola Davis",Canada,"July 26, 2013",2012,NR,86 min,Stand-Up Comedy,A movie about love set in Canada.
s895,Movie,Wild Memory 895,Martin Scorsese,"Viola Davis, Zendaya, Saoirse Ronan",Nigeria,"June 16, 2015",1991,PG,116 min,"British TV Shows, Documentaries",A movie about family set in Nigeria.
s896,Movie,Midnight Shadow 896,Martin Scorsese,"Lupita Nyong'o, Tom Hardy, Florence Pugh, Oscar Isaac",United Kingdom,"November 10, 2018",1994,TV-PG,111 min,"Reality TV, Independent Movies, Music & Musicals",A movie about power set in United Kingdom.
s897,Movie,Frozen City 897,Hayao Miyazaki,"Song Kang-ho, Saoirse Ronan, Viola Davis",Turkey,"May 06, 2010",2004,NR,92 min,"TV Comedies, Children & Family Movies",A movie about identity set in Turkey.
s898,Movie,Iron Legacy 898,Bong Joon-ho,"Zendaya, Saoirse Ronan, Lupita Nyong'o, Penelope Cruz, Oscar Isaac",United Kingdom,"March 12, 2021",2006,TV-MA,73 min,Music & Musicals,A movie about crime set in United Kingdom.
s899,TV Show,Iron Promise 899,,"Mahershala Ali, Song Kang-ho, Daniel Kaluuya, Penelope Cruz, Riz Ahmed",,"August 22, 2018",1995,TV-MA,4 Seasons,"Reality TV, TV Comedies, Thrillers",A tv show about survival set in an unnamed place.
s900,Movie,Broken Memory 900,Christopher Nolan,"Tilda Swinton, Idris Elba, Oscar Isaac, Tom Hardy",United States,"April 29, 2021",2009,PG-13,180 min,"Children & Family Movies, Romantic Movies, International Movies",A movie about family set in United States.
s901,TV Show,Broken Hour 901,Ava DuVernay,"Riz Ahmed, Deepika Padukone, Penelope Cruz, Tom Hardy, Idris Elba",Germany,"December 20, 2014",2010,PG,8 Seasons,"Reality TV, Dramas",A tv show about identity set in Germany.
s902,Movie,Hidden Truth 902,Bong Joon-ho,"Riz Ahmed, Shah Rukh Khan",Brazil,"January 26, 2017",2014,TV-PG,152 min,"Sci-Fi & Fantasy, International Movies",A movie about love set in Brazil.
s903,Movie,Eternal Code 903,Bong Joon-ho,"Riz Ahmed, Shah Rukh Khan",Canada,"August 06, 2014",2001,TV-Y7,154 min,"British TV Shows, Sci-Fi & Fantasy",A movie about survival set in Canada.
s904,Movie,Eternal Code 904,,,,"March 29, 2010",1995,G,109 min,"Korean TV Shows, TV Comedies, International Movies",A movie about love set in an unnamed place.
s905,TV Show,Frozen Empire 905,,"Daniel Kaluuya, Mahershala Ali, Deepika Padukone, Lupita Nyong'o, Shah Rukh Khan",United Kingdom,"May 10, 2021",2012,TV-MA,5 Seasons,"Stand-Up Comedy, Children & Family Movies, Romantic Movies",A tv show about power set in United Kingdom.
s906,TV Show,Midnight Promise 906,Anurag Kashyap,,Spain,"September 26, 2018",2011,PG,7 Seasons,"International Movies, Anime Series, Reality TV",A tv show about family set in Spain.
s907,TV Show,Iron Promise 907,Greta Gerwig,"Oscar Isaac, Shah Rukh Khan, Viola Davis",Spain,"September 05, 2013",2013,PG-13,1 Season,"Children & Family Movies, Sci-Fi & Fantasy",A tv show about power set in Spain.
s908,Movie,Iron Heart 908,Anurag Kashyap,"Song Kang-ho, Shah Rukh Khan",France,"January 13, 2018",2008,NR,170 min,"Music & Musicals, Comedies, Anime Series",A movie about survival set in France.
s909,TV Show,Broken Truth 909,,"Daniel Kaluuya, Shah Rukh Khan, Tom Hardy",China,"October 22, 2011",1994,PG,1 Seasons,Comedies,A tv show about identity set in China.
s910,TV Show,Crimson Project 910,,"Viola Davis, Penelope Cruz, Oscar Isaac",Spain,"March 25, 2020",1999,R,6 Seasons,"Dramas, International Movies",A tv show about power set in Spain.
s911,TV Show,Golden Kingdom 911,Ava DuVernay,"Daniel Kaluuya, Lupita Nyong'o, Saoirse Ronan, Zendaya, Viola Davis",Brazil,"April 03, 2014",2006,PG,5 Season,Reality TV,A tv show about crime set in Brazil.
s912,TV Show,Bright Whisper 912,Spike Lee,"Zendaya, Mahershala Ali, Florence Pugh",United States,"March 10, 2015",2005,TV-14,3 Seasons,"Korean TV Shows, Children & Family Movies, Reality TV",A tv show about power set in United States.
s913,Movie,Velvet Code 913,Mira Nair,"Viola Davis, Saoirse Ronan, Idris Elba",France,"May 07, 2010",2007,TV-PG,109 min,"Horror Movies, International Movies",A movie about love set in France.
s914,TV Show,Velvet Legacy 914,Hayao Miyazaki,"Lupita Nyong'o, Shah Rukh Khan, Song Kang-ho",Spain,"August 26, 2011",2005,TV-14,3 Seasons,"Reality TV, British TV Shows, Dramas",A tv show about survival set in Spain.
s915,TV Show,Silent City 915,Anurag Kashyap,"Penelope Cruz, Shah Rukh Khan",India,"May 02, 2008",2001,TV-MA,1 Season,"TV Comedies, Anime Series, Stand-Up Comedy",A tv show about survival set in India.
s916,Movie,Bright Empire 916,Park Chan-wook,"Florence Pugh, Viola Davis, Tom Hardy, Lupita Nyong'o, Zendaya",South Korea,"January 31, 2010",2008,R,186 min,"Crime TV Shows, Horror Movies",A movie about power set in South Korea.
s917,TV Show,Velvet Legacy 917,Spike Lee,"Penelope Cruz, Idris Elba, Saoirse Ronan",Philippines,"March 11, 2010",1992,,1 Seasons,"Romantic Movies, Dramas",A tv show about family set in Philippines.
s918,TV Show,Hidden Whisper 918,Mira Nair,"Tilda Swinton, Tom Hardy",India,"September 29, 2016",2017,TV-14,1 Seasons,"TV Dramas, Sci-Fi & Fantasy",A tv show about love set in India.
s919,TV Show,Golden Project 919,Bong Joon-ho,"Zendaya, Lupita Nyong'o",Italy,"April 07, 2021",2007,TV-Y7,1 Seasons,TV Dramas,A tv show about identity set in Italy.
s920,TV Show,Broken Shadow 920,Greta Gerwig,"Florence Pugh, Shah Rukh Khan, Penelope Cruz, Oscar Isaac, Deepika Padukone",Nigeria,"September 20, 2017",1997,TV-Y7,2 Season,"Independent Movies, Stand-Up Comedy",A tv show about crime set in Nigeria.
s921,Movie,Dark Kingdom 921,Hayao Miyazaki,,France,,1995,PG,161 min,"Korean TV Shows, Independent Movies, Reality TV",A movie about crime set in France.
s922,Movie,Hidden Kingdom 922,Martin Scorsese,"Saoirse Ronan, Viola Davis, Florence Pugh, Deepika Padukone",Nigeria,"August 22, 2010",2019,PG-13,68 min,"Documentaries, British TV Shows, Sci-Fi & Fantasy",A movie about survival set in Nigeria.
s923,Movie,Sacred Kingdom 923,,"Lupita Nyong'o, Viola Davis, Oscar Isaac",Italy,"October 09, 2017",2007,TV-PG,199 min,"Crime TV Shows, Korean TV Shows",A movie about identity set in Italy.
s924,Movie,Lost Truth 924,Greta Gerwig,"Lupita Nyong'o, Zendaya, Shah Rukh Khan, Viola Davis",Brazil,"May 12, 2016",2021,TV-MA,126 min,"Korean TV Shows, Documentaries",A movie about love set in Brazil.
s925,TV Show,Silent Promise 925,Denis Villeneuve,"Tom Hardy, Mahershala Ali",,"December 03, 2012",2011,TV-MA,8 Season,Children & Family Movies,A tv show about survival set in an unnamed place.
s926,TV Show,Frozen Promise 926,Mira Nair,"Tom Hardy, Daniel Kaluuya, Viola Davis, Deepika Padukone",Nigeria,"November 14, 2013",2018,TV-PG,7 Season,"TV Dramas, Dramas, British TV Shows",A tv show about love set in Nigeria.
s927,Movie,Eternal Legacy 927,Martin Scorsese,,United States,"May 27, 2018",1996,TV-14,125 min,Stand-Up Comedy,A movie about love set in United States.
s928,TV Show,Lost Memory 928,Spike Lee,,South Korea,"May 15, 2018",1994,NR,6 Seasons,British TV Shows,A tv show about family set in South Korea.
s929,TV Show,Dark Hour 929,,"Tilda Swinton, Mahershala Ali, Saoirse Ronan, Song Kang-ho",France,"September 15, 2019",2019,G,4 Seasons,"TV Dramas, Documentaries",A tv show about identity set in France.
s930,Movie,Wild Truth 930,,"Saoirse Ronan, Deepika Padukone",Mexico,"November 08, 2009",2003,TV-14,54 min,"Crime TV Shows, International Movies",A movie about crime set in Mexico.
s931,Movie,Frozen Hour 931,Bong Joon-ho,"Zendaya, Daniel Kaluuya",Brazil,"October 02, 2019",2005,TV-PG,152 min,"International Movies, TV Comedies, Children & Family Movies",A movie about identity set in Brazil.
s932,Movie,Golden Shadow 932,Mira Nair,"Oscar Isaac, Zendaya, Lupita Nyong'o, Riz Ahmed",Mexico,"February 17, 2015",2004,PG-13,148 min,Reality TV,A movie about love set in Mexico.
s933,Movie,Lost Heart 933,Greta Gerwig,"Mahershala Ali, Deepika Padukone, Oscar Isaac, Idris Elba, Florence Pugh",Italy,"August 29, 2020",2001,TV-MA,197 min,Reality TV,A movie about family set in Italy.
s934,TV Show,Eternal Kingdom 934,,"Tom Hardy, Tilda Swinton, Oscar Isaac, Viola Davis",Canada,"March 31, 2010",2019,TV-Y,2 Seasons,"Dramas, Documentaries, Crime TV Shows",A tv show about family set in Canada.
s935,TV Show,Wild Hour 935,Park Chan-wook,"Tom Hardy, Penelope Cruz, Mahershala Ali",Spain,"January 04, 2014",1995,TV-MA,2 Seasons,Anime Series,A tv show about family set in Spain.
s936,TV Show,Bright Code 936,Martin Scorsese,,India,"June 28, 2010",2011,TV-PG,6 Seasons,"Independent Movies, Children & Family Movies, Anime Series",A tv show about power set in India.
s937,TV Show,Eternal Empire 937,Martin Scorsese,"Song Kang-ho, Florence Pugh, Deepika Padukone, Mahershala Ali, Daniel Kaluuya",Egypt,"February 09, 2009",2012,NR,6 Seasons,Comedies,A tv show about love set in Egypt.
s938,Movie,Broken Storm 938,Mira Nair,"Tom Hardy, Song Kang-ho, Mahershala Ali, Oscar Isaac",Germany,"September 14, 2008",2003,G,117 min,Comedies,A movie about identity set in Germany.
s939,Movie,Velvet City 939,,"Idris Elba, Lupita Nyong'o, Daniel Kaluuya, Riz Ahmed",Spain,"September 19, 2020",2011,PG,144 min,International Movies,A movie about love set in Spain.
s940,Movie,Wild Code 940,Martin Scorsese,"Riz Ahmed, Zendaya, Daniel Kaluuya, Lupita Nyong'o, Tom Hardy",,"November 07, 2017",2020,R,167 min,"Children & Family Movies, Documentaries, Thrillers",A movie about power set in an unnamed place.
s941,Movie,Dark Storm 941,Ava DuVernay,"Deepika Padukone, Tom Hardy, Zendaya, Penelope Cruz",Italy,"July 11, 2011",2011,R,86 min,"TV Dramas, Dramas, Comedies",A movie about survival set in Italy.
s942,Movie,Broken Whisper 942,Hayao Miyazaki,"Zendaya, Lupita Nyong'o",Philippines,"March 10, 2012",1999,R,123 min,"Action & Adventure, Comedies",A movie about love set in Philippines.
s943,TV Show,Lost Code 943,,"Viola Davis, Idris Elba, Song Kang-ho, Tom Hardy, Tilda Swinton",China,"April 14, 2017",2006,TV-PG,2 Season,"Anime Series, Horror Movies",A tv show about crime set in China.
s944,Movie,Lost Storm 944,Denis Villeneuve,"Tilda Swinton, Florence Pugh, Oscar Isaac, Lupita Nyong'o, Zendaya",Philippines,"December 19, 2009",2000,NR,153 min,"Romantic Movies, TV Comedies",A movie about love set in Philippines.
s945,Movie,Dark Garden 945,Anurag Kashyap,"Zendaya, Idris Elba, Daniel Kaluuya",United Kingdom,"May 23, 2018",1991,TV-PG,45 min,"Action & Adventure, Comedies",A movie about family set in United Kingdom.
s946,TV Show,Crimson Memory 946,Martin Scorsese,"Idris Elba, Viola Davis, Tilda Swinton, Florence Pugh, Oscar Isaac",Japan,"October 06, 2019",1997,TV-Y7,1 Seasons,"Action & Adventure, Stand-Up Comedy, Music & Musicals",A tv show about love set in Japan.
s947,Movie,Crimson Legacy 947,Pedro Almodovar,"Zendaya, Mahershala Ali, Deepika Padukone, Shah Rukh Khan",Canada,"August 04, 2019",1992,PG,105 min,"Reality TV, Thrillers",A movie about love set in Canada.
s948,Movie,Broken Code 948,Pedro Almodovar,"Idris Elba, Florence Pugh, Lupita Nyong'o, Saoirse Ronan, Daniel Kaluuya",Mexico,"February 25, 2010",1998,TV-Y7,86 min,International Movies,A movie about crime set in Mexico.
s949,Movie,Velvet Storm 949,Park Chan-wook,"Saoirse Ronan, Tilda Swinton, Shah Rukh Khan",,"April 02, 2014",2021,R,78 min,"Korean TV Shows, Action & Adventure, Comedies",A movie about survival set in an unnamed place.
s950,TV Show,Eternal Code 950,Bong Joon-ho,"Tom Hardy, Shah Rukh Khan, Daniel Kaluuya",India,"May 07, 2011",2004,TV-PG,8 Seasons,Action & Adventure,A tv show about crime set in India.
s951,Movie,Crimson Empire 951,Anurag Kashyap,"Tilda Swinton, Zendaya, Tom Hardy, Penelope Cruz, Saoirse Ronan",United States,"April 15, 2009",2012,NR,104 min,"Anime Series, Music & Musicals",A movie about family set in United States.
s952,Movie,Velvet Kingdom 952,Bong Joon-ho,"Tom Hardy, Tilda Swinton",Indonesia,"August 29, 2009",2020,NR,55 min,Independent Movies,A movie about power set in Indonesia.
s953,TV Show,Crimson Kingdom 953,Martin Scorsese,"Shah Rukh Khan, Oscar Isaac, Penelope Cruz, Riz Ahmed",Philippines,"July 21, 2012",1997,TV-MA,9 Season,"Reality TV, TV Dramas",A tv show about survival set in Philippines.
s954,TV Show,Bright Shadow 954,Martin Scorsese,"Saoirse Ronan, Viola Davis, Oscar Isaac, Lupita Nyong'o, Penelope Cruz",India,"June 08, 2014",2006,TV-MA,8 Seasons,"Thrillers, Sci-Fi & Fantasy",A tv show about identity set in India.
s955,TV Show,Golden Garden 955,Denis Villeneuve,,Italy,"April 03, 2012",1998,TV-Y,3 Seasons,Comedies,A tv show about family set in Italy.
s956,TV Show,Hidden Garden 956,Park Chan-wook,"Tilda Swinton, Saoirse Ronan, Daniel Kaluuya, Shah Rukh Khan",Nigeria,"November 17, 2008",2021,NR,2 Seasons,"Documentaries, Horror Movies",A tv show about power set in Nigeria.
s957,Movie,Dark Memory 957,,"Lupita Nyong'o, Song Kang-ho, Zendaya, Daniel Kaluuya, Idris Elba",France,"April 26, 2014",2019,TV-PG,138 min,"International Movies, TV Dramas, Reality TV",A movie about crime set in France.
s958,Movie,Hidden Garden 958,Martin Scorsese,"Shah Rukh Khan, Viola Davis, Mahershala Ali",Nigeria,"August 17, 2008",2013,PG-13,139 min,"TV Comedies, Independent Movies",A movie about power set in Nigeria.
s959,Movie,Eternal Truth 959,Mira Nair,"Tilda Swinton, Song Kang-ho, Idris Elba, Zendaya",Philippines,"January 27, 2014",2015,NR,173 min,"Comedies, Stand-Up Comedy",A movie about crime set in Philippines.
s960,TV Show,Silent Kingdom 960,,"Tom Hardy, Oscar Isaac",Indonesia,"November 14, 2014",1995,TV-PG,7 Seasons,"TV Dramas, Independent Movies",A tv show about survival set in Indonesia.
s961,Movie,Dark Heart 961,,"Tom Hardy, Deepika Padukone, Riz Ahmed",France,"March 14, 2021",1997,TV-Y,76 min,"International Movies, Children & Family Movies",A movie about power set in France.
s962,Movie,Crimson Garden 962,Anurag Kashyap,"Oscar Isaac, Florence Pugh",Mexico,"April 02, 2009",2018,R,162 min,Action & Adventure,A movie about power set in Mexico.
s963,TV Show,Lost Legacy 963,Ava DuVernay,"Idris Elba, Shah Rukh Khan, Viola Davis, Riz Ahmed",China,"June 28, 2020",2007,R,6 Seasons,"Children & Family Movies, Romantic Movies, Stand-Up Comedy",A tv show about identity set in China.
s964,TV Show,Hidden Storm 964,Park Chan-wook,"Viola Davis, Daniel Kaluuya, Deepika Padukone, Song Kang-ho, Tilda Swinton",United States,"March 20, 2017",2011,TV-PG,4 Seasons,"Anime Series, Documentaries",A tv show about identity set in United States.
s965,Movie,Iron Whisper 965,Bong Joon-ho,"Lupita Nyong'o, Zendaya",,"January 04, 2016",1999,G,61 min,TV Dramas,A movie about family set in an unnamed place.
s966,Movie,Iron Empire 966,,"Idris Elba, Mahershala Ali, Shah Rukh Khan, Viola Davis, Saoirse Ronan",Egypt,"May 15, 2012",1997,NR,122 min,Independent Movies,A movie about power set in Egypt.
s967,TV Show,Sacred City 967,,"Daniel Kaluuya, Shah Rukh Khan",South Korea,"June 24, 2016",2012,TV-PG,9 Seasons,Dramas,A tv show about identity set in South Korea.
s968,Movie,Velvet Memory 968,Spike Lee,"Saoirse Ronan, Mahershala Ali, Idris Elba, Oscar Isaac",South Korea,"April 30, 2011",2000,TV-Y7,103 min,"Music & Musicals, Thrillers, Korean TV Shows",A movie about identity set in South Korea.
s969,Movie,Lost Storm 969,Spike Lee,"Mahershala Ali, Song Kang-ho, Shah Rukh Khan",Turkey,"November 07, 2015",1992,TV-14,57 min,"Anime Series, International Movies, Korean TV Shows",A movie about crime set in Turkey.
s970,Movie,Wild Truth 970,Pedro Almodovar,"Florence Pugh, Tom Hardy, Viola Davis",,"November 21, 2016",1996,G,101 min,"Reality TV, Romantic Movies, Comedies",A movie about survival set in an unnamed place.
s971,Movie,Dark Hour 971,Ava DuVernay,"Florence Pugh, Deepika Padukone, Song Kang-ho, Idris Elba",Germany,"September 14, 2012",2003,TV-PG,81 min,Korean TV Shows,A movie about love set in Germany.
s972,Movie,Sacred Code 972,Anurag Kashyap,"Idris Elba, Shah Rukh Khan, Mahershala Ali",Italy,"February 08, 2012",2011,TV-MA,144 min,British TV Shows,A movie about crime set in Italy.
s973,Movie,Iron Kingdom 973,Greta Gerwig,"Lupita Nyong'o, Viola Davis, Riz Ahmed, Song Kang-ho, Tom Hardy",Australia,"July 14, 2020",2009,G,127 min,Dramas,A movie about power set in Australia.
s974,Movie,Sacred Shadow 974,,"Florence Pugh, Song Kang-ho, Oscar Isaac, Mahershala Ali",Brazil,"January 14, 2015",2007,TV-MA,137 min,"Children & Family Movies, Independent Movies",A movie about love set in Brazil.
s975,TV Show,Bright Hour 975,Denis Villeneuve,,Germany,"September 12, 2020",2011,PG-13,1 Seasons,"Comedies, Independent Movies, TV Comedies",A tv show about identity set in Germany.
s976,TV Show,Velvet Whisper 976,Spike Lee,"Viola Davis, Deepika Padukone, Florence Pugh",,"September 08, 2013",2000,TV-PG,1 Season,"British TV Shows, Action & Adventure, Documentaries",A tv show about power set in an unnamed place.
s977,Movie,Silent Storm 977,,"Riz Ahmed, Zendaya, Oscar Isaac",China,"March 07, 2018",2015,G,166 min,Comedies,A movie about crime set in China.
s978,Movie,Bright Heart 978,,"Saoirse Ronan, Deepika Padukone, Tilda Swinton",United States,"August 10, 2015",2020,TV-Y,135 min,Thrillers,A movie about power set in United States.
s979,Movie,Bright City 979,Greta Gerwig,"Florence Pugh, Idris Elba",United States,"December 19, 2020",2011,TV-14,82 min,Romantic Movies,A movie about love set in United States.
s980,Movie,Eternal Project 980,,"Lupita Nyong'o, Saoirse Ronan, Oscar Isaac, Tilda Swinton, Deepika Padukone",Mexico,"February 13, 2009",1990,G,163 min,"Sci-Fi & Fantasy, Music & Musicals",A movie about identity set in Mexico.
s981,Movie,Broken Heart 981,Mira Nair,"Oscar Isaac, Zendaya, Viola Davis, Penelope Cruz, Song Kang-ho",Brazil,"October 03, 2008",2006,TV-MA,50 min,"Horror Movies, TV Dramas",A movie about family set in Brazil.
s982,Movie,Wild Garden 982,,"Riz Ahmed, Oscar Isaac, Shah Rukh Khan, Deepika Padukone",Canada,"September 06, 2020",2012,TV-Y,102 min,"Thrillers, International Movies",A movie about power set in Canada.
s983,Movie,Wild Memory 983,,"Idris Elba, Lupita Nyong'o",Turkey,"July 26, 2017",2009,TV-14,125 min,"Sci-Fi & Fantasy, Korean TV Shows, Reality TV",A movie about identity set in Turkey.
s984,TV Show,Velvet Shadow 984,Greta Gerwig,"Deepika Padukone, Saoirse Ronan, Idris Elba, Florence Pugh, Zendaya",Mexico,"November 23, 2014",2006,PG-13,2 Season,"Independent Movies, Horror Movies, Music & Musicals",A tv show about power set in Mexico.
s985,TV Show,Hidden Storm 985,Greta Gerwig,"Riz Ahmed, Saoirse Ronan, Tom Hardy, Lupita Nyong'o",China,"January 13, 2013",1993,G,7 Season,"British TV Shows, Thrillers, Reality TV",A tv show about power set in China.
s986,TV Show,Frozen Code 986,Greta Gerwig,,United States,"October 21, 2020",2018,TV-PG,2 Seasons,British TV Shows,A tv show about family set in United States.
s987,Movie,Dark Legacy 987,Greta Gerwig,"Mahershala Ali, Idris Elba, Deepika Padukone, Florence Pugh, Oscar Isaac",France,"March 24, 2008",1992,NR,155 min,"TV Comedies, Comedies",A movie about crime set in France.
s988,TV Show,Crimson Code 988,,,Brazil,"July 29, 2010",2003,TV-Y7,6 Seasons,"Korean TV Shows, TV Comedies",A tv show about crime set in Brazil.
s989,Movie,Eternal Hour 989,Spike Lee,"Shah Rukh Khan, Zendaya, Oscar Isaac, Riz Ahmed, Song Kang-ho",Germany,"May 23, 2020",2009,PG,146 min,"Horror Movies, Comedies",A movie about love set in Germany.
s990,Movie,Frozen Legacy 990,Bong Joon-ho,"Penelope Cruz, Riz Ahmed, Daniel Kaluuya",France,"July 30, 2013",2002,PG-13,91 min,"Stand-Up Comedy, Thrillers",A movie about power set in France.
s991,Movie,Hidden Garden 991,Ava DuVernay,"Tom Hardy, Daniel Kaluuya, Lupita Nyong'o, Florence Pugh, Tilda Swinton",France,"April 17, 2014",2014,TV-MA,84 min,"Comedies, British TV Shows, Anime Series",A movie about family set in France.
s992,Movie,Hidden Garden 992,Greta Gerwig,"Viola Davis, Shah Rukh Khan, Song Kang-ho, Lupita Nyong'o",Brazil,"August 31, 2011",2000,NR,116 min,"TV Comedies, Crime TV Shows",A movie about crime set in Brazil.
s993,Movie,Eternal Memory 993,Anurag Kashyap,"Saoirse Ronan, Oscar Isaac, Florence Pugh",France,,2011,TV-14,100 min,Dramas,A movie about crime set in France.
s994,Movie,Crimson Storm 994,Spike Lee,,Turkey,"March 10, 2016",1990,TV-Y,81 min,"Music & Musicals, TV Dramas",A movie about family set in Turkey.
s995,Movie,Golden Empire 995,,"Viola Davis, Daniel Kaluuya, Shah Rukh Khan",Philippines,"October 17, 2013",2021,TV-MA,100 min,"Documentaries, International Movies",A movie about crime set in Philippines.
s996,Movie,Wild Kingdom 996,Mira Nair,"Shah Rukh Khan, Deepika Padukone",Japan,"December 20, 2010",2008,PG,59 min,"Stand-Up Comedy, Children & Family Movies",A movie about power set in Japan.
s997,TV Show,Wild Memory 997,Christopher Nolan,"Daniel Kaluuya, Idris Elba, Riz Ahmed, Saoirse Ronan, Penelope Cruz",Indonesia,"February 07, 2012",2006,PG,9 Season,"Documentaries, British TV Shows",A tv show about power set in Indonesia.
s998,Movie,Frozen Project 998,Anurag Kashyap,"Tilda Swinton, Penelope Cruz",China,"September 17, 2013",1999,TV-Y7,108 min,"Thrillers, Anime Series, Comedies",A movie about crime set in China.
s999,Movie,Midnight Kingdom 999,Christopher Nolan,"Deepika Padukone, Mahershala Ali",China,"October 10, 2021",1993,TV-14,161 min,British TV Shows,A movie about family set in China.
s1000,Movie,Sacred Hour 1000,Mira Nair,"Lupita Nyong'o, Mahershala Ali",Indonesia,"June 15, 2010",2021,TV-PG,81 min,"TV Comedies, Children & Family Movies",A movie about crime set in Indonesia.
s1001,Movie,Wild Promise 1001,,"Saoirse Ronan, Shah Rukh Khan, Viola Davis, Penelope Cruz",Australia,"November 05, 2013",2014,R,94 min,"Dramas, Reality TV, Thrillers",A movie about crime set in Australia.
s1002,TV Show,Hidden Storm 1002,Martin Scorsese,"Tilda Swinton, Tom Hardy, Saoirse Ronan, Deepika Padukone, Zendaya",United States,"October 07, 2021",2014,PG,2 Seasons,"Thrillers, Anime Series",A tv show about survival set in United States.
s1003,Movie,Golden City 1003,,"Idris Elba, Zendaya, Oscar Isaac",Turkey,"February 24, 2012",2018,TV-Y7,126 min,Romantic Movies,A movie about family set in Turkey.
s1004,Movie,Lost Shadow 1004,,"Saoirse Ronan, Florence Pugh",United States,"November 04, 2020",2000,PG-13,74 min,Crime TV Shows,A movie about survival set in United States.
s1005,Movie,Silent Code 1005,Park Chan-wook,"Deepika Padukone, Penelope Cruz, Song Kang-ho, Daniel Kaluuya, Tilda Swinton",France,"November 12, 2011",2008,TV-PG,55 min,"TV Comedies, Comedies",A movie about family set in France.
s1006,Movie,Velvet Legacy 1006,,"Song Kang-ho, Daniel Kaluuya, Zendaya, Mahershala Ali",China,"November 27, 2008",1992,G,102 min,"Romantic Movies, Comedies, Independent Movies",A movie about crime set in China.
s1007,TV Show,Midnight Project 1007,,,Nigeria,"July 11, 2010",2013,TV-Y,9 Seasons,"TV Comedies, Sci-Fi & Fantasy",A tv show about love set in Nigeria.
s1008,Movie,Velvet Kingdom 1008,Greta Gerwig,"Florence Pugh, Saoirse Ronan",France,"January 08, 2008",1992,TV-PG,190 min,"British TV Shows, Anime Series, Korean TV Shows",A movie about survival set in France.
s1009,Movie,Eternal Legacy 1009,Ava DuVernay,"Oscar Isaac, Riz Ahmed, Penelope Cruz, Mahershala Ali, Saoirse Ronan",Canada,"November 25, 2010",2003,TV-PG,73 min,"Documentaries, Stand-Up Comedy, Music & Musicals",A movie about crime set in Canada.
s1010,Movie,Silent Empire 1010,Christopher Nolan,,Germany,"July 12, 2010",2008,G,190 min,"Action & Adventure, Comedies, British TV Shows",A movie about identity set in Germany.
s1011,Movie,Dark Truth 1011,Mira Nair,"Song Kang-ho, Tilda Swinton, Shah Rukh Khan, Lupita Nyong'o",Canada,"June 12, 2008",1993,TV-Y,153 min,"Dramas, Romantic Movies",A movie about power set in Canada.
s1012,Movie,Lost Whisper 1012,Ava DuVernay,"Penelope Cruz, Lupita Nyong'o, Daniel Kaluuya, Song Kang-ho",United States,"January 15, 2009",2010,PG-13,107 min,"Horror Movies, Reality TV, Dramas",A movie about family set in United States.
s1013,Movie,Silent City 1013,Mira Nair,"Viola Davis, Deepika Padukone",Turkey,"April 04, 2018",2017,R,90 min,"Thrillers, Korean TV Shows, TV Comedies",A movie about power set in Turkey.
s1014,TV Show,Crimson Garden 1014,Hayao Miyazaki,"Tilda Swinton, Daniel Kaluuya",China,"January 10, 2017",2001,TV-14,4 Seasons,"Action & Adventure, Dramas",A tv show about love set in China.
s1015,Movie,Iron Legacy 1015,Bong Joon-ho,"Song Kang-ho, Tilda Swinton, Lupita Nyong'o",Spain,"March 10, 2012",2019,TV-14,180 min,"Crime TV Shows, Dramas",A movie about survival set in Spain.
s1016,TV Show,Wild Heart 1016,Park Chan-wook,,Brazil,"September 30, 2011",1990,G,9 Season,"Children & Family Movies, Horror Movies, Comedies",A tv show about identity set in Brazil.
s1017,Movie,Velvet Heart 1017,Christopher Nolan,"Mahershala Ali, Oscar Isaac",China,"February 19, 2020",2009,TV-Y7,90 min,"Dramas, Documentaries, TV Comedies",A movie about survival set in China.
s1018,Movie,Dark Shadow 1018,Anurag Kashyap,"Song Kang-ho, Shah Rukh Khan, Idris Elba, Deepika Padukone",Indonesia,"September 06, 2020",2000,R,199 min,"Stand-Up Comedy, Dramas",A movie about survival set in Indonesia.
s1019,TV Show,Bright Promise 1019,Mira Nair,,Argentina,"November 05, 2021",2016,PG-13,2 Seasons,"Music & Musicals, TV Comedies, British TV Shows",A tv show about love set in Argentina.
s1020,Movie,Frozen Truth 1020,Greta Gerwig,"Lupita Nyong'o, Daniel Kaluuya, Idris Elba, Tilda Swinton, Oscar Isaac",Mexico,"September 08, 2009",2002,G,122 min,Stand-Up Comedy,A movie about survival set in Mexico.
s1021,Movie,Dark Heart 1021,Park Chan-wook,"Song Kang-ho, Penelope Cruz, Saoirse Ronan, Florence Pugh, Oscar Isaac",Germany,"March 21, 2008",2000,G,145 min,Crime TV Shows,A movie about crime set in Germany.
s1022,Movie,Bright Empire 1022,,"Viola Davis, Penelope Cruz, Zendaya, Saoirse Ronan, Lupita Nyong'o",India,,2001,PG-13,136 min,"Action & Adventure, Horror Movies, Dramas",A movie about identity set in India.
s1023,TV Show,Velvet Legacy 1023,,"Tilda Swinton, Deepika Padukone",China,"November 17, 2021",2020,TV-14,9 Season,Dramas,A tv show about crime set in China.
s1024,TV Show,Wild Truth 1024,Martin Scorsese,,Brazil,"January 16, 2017",1996,NR,6 Seasons,TV Dramas,A tv show about survival set in Brazil.
s1025,Movie,Frozen Storm 1025,Bong Joon-ho,"Riz Ahmed, Deepika Padukone, Oscar Isaac, Tom Hardy",Argentina,"June 08, 2008",1997,TV-PG,151 min,"International Movies, Dramas, Action & Adventure",A movie about power set in Argentina.
s1026,TV Show,Broken Whisper 1026,Christopher Nolan,,Mexico,"August 26, 2013",1998,TV-MA,7 Seasons,"Crime TV Shows, Stand-Up Comedy, Reality TV",A tv show about survival set in Mexico.
s1027,TV Show,Eternal Promise 1027,Martin Scorsese,"Song Kang-ho, Idris Elba, Zendaya",Turkey,"January 26, 2011",2010,TV-PG,3 Seasons,Action & Adventure,A tv show about identity set in Turkey.
s1028,Movie,Crimson Garden 1028,Park Chan-wook,"Tom Hardy, Saoirse Ronan, Deepika Padukone, Zendaya, Riz Ahmed",Mexico,"April 21, 2015",2013,NR,156 min,"Romantic Movies, Action & Adventure",A movie about crime set in Mexico.
s1029,Movie,Eternal Empire 1029,Christopher Nolan,"Tilda Swinton, Mahershala Ali, Idris Elba, Song Kang-ho",Indonesia,"August 02, 2013",2015,TV-PG,68 min,British TV Shows,A movie about crime set in Indonesia.
s1030,TV Show,Iron Promise 1030,Spike Lee,"Lupita Nyong'o, Daniel Kaluuya, Tilda Swinton, Zendaya, Mahershala Ali",Brazil,"March 16, 2015",2010,NR,5 Season,"Documentaries, Crime TV Shows",A tv show about love set in Brazil.
s1031,Movie,Frozen Whisper 1031,Mira Nair,,,"March 03, 2009",1993,NR,68 min,"Anime Series, Music & Musicals",A movie about family set in an unnamed place.
s1032,Movie,Crimson Truth 1032,Bong Joon-ho,"Oscar Isaac, Deepika Padukone, Riz Ahmed",Mexico,"May 06, 2018",1997,PG-13,191 min,"Thrillers, Children & Family Movies",A movie about family set in Mexico.
s1033,TV Show,Velvet Garden 1033,,"Deepika Padukone, Song Kang-ho",South Korea,"July 16, 2009",2002,G,3 Seasons,Korean TV Shows,A tv show about survival set in South Korea.
s1034,Movie,Bright Promise 1034,Pedro Almodovar,,Argentina,"May 27, 2012",1990,G,156 min,Crime TV Shows,A movie about power set in Argentina.
s1035,Movie,Silent Kingdom 1035,Greta Gerwig,"Tilda Swinton, Mahershala Ali, Song Kang-ho",Nigeria,"June 25, 2019",1996,TV-Y7,93 min,"Children & Family Movies, TV Comedies",A movie about survival set in Nigeria.
s1036,Movie,Wild Heart 1036,Anurag Kashyap,"Shah Rukh Khan, Saoirse Ronan, Song Kang-ho, Riz Ahmed, Penelope Cruz",Indonesia,"June 07, 2016",2017,PG,58 min,"Independent Movies, Music & Musicals, Dramas",A movie about power set in Indonesia.
s1037,Movie,Lost Legacy 1037,Denis Villeneuve,"Deepika Padukone, Riz Ahmed",Australia,"November 27, 2009",2016,PG-13,118 min,Sci-Fi & Fantasy,A movie about survival set in Australia.
s1038,Movie,Frozen Truth 1038,Mira Nair,"Mahershala Ali, Deepika Padukone, Shah Rukh Khan, Lupita Nyong'o, Idris Elba",Argentina,"October 21, 2020",2012,TV-PG,177 min,"Action & Adventure, Independent Movies, International Movies",A movie about crime set in Argentina.
s1039,Movie,Wild Memory 1039,Ava DuVernay,"Saoirse Ronan, Daniel Kaluuya",South Korea,"February 18, 2018",1995,PG,193 min,"Sci-Fi & Fantasy, Children & Family Movies, Crime TV Shows",A movie about love set in South Korea.
s1040,TV Show,Sacred City 1040,,"Florence Pugh, Lupita Nyong'o, Viola Davis",South Korea,"September 15, 2012",2011,G,2 Seasons,"Horror Movies, British TV Shows, Reality TV",A tv show about love set in South Korea.
s1041,Movie,Bright Whisper 1041,Martin Scorsese,"Song Kang-ho, Deepika Padukone, Zendaya",Brazil,"July 25, 2020",2017,NR,98 min,TV Dramas,A movie about love set in Brazil.
s1042,Movie,Iron Whisper 1042,Pedro Almodovar,"Tom Hardy, Florence Pugh, Riz Ahmed, Tilda Swinton, Idris Elba",Italy,,1997,R,194 min,Dramas,A movie about crime set in Italy.
s1043,TV Show,Frozen Promise 1043,Spike Lee,"Mahershala Ali, Viola Davis, Song Kang-ho, Daniel Kaluuya",Philippines,"November 29, 2019",2010,TV-14,9 Seasons,Sci-Fi & Fantasy,A tv show about family set in Philippines.
s1044,Movie,Silent Storm 1044,,"Shah Rukh Khan, Zendaya, Idris Elba, Mahershala Ali, Lupita Nyong'o",Italy,"February 19, 2011",2018,PG,175 min,"Music & Musicals, TV Comedies, Horror Movies",A movie about crime set in Italy.
s1045,Movie,Sacred Code 1045,,,Australia,"August 25, 2017",1995,PG-13,160 min,"Horror Movies, Comedies, Crime TV Shows",A movie about survival set in Australia.
s1046,TV Show,Crimson Code 1046,Anurag Kashyap,"Song Kang-ho, Penelope Cruz",Italy,"October 04, 2021",1992,G,4 Seasons,Anime Series,A tv show about love set in Italy.
s1047,TV Show,Frozen Code 1047,Park Chan-wook,"Tilda Swinton, Zendaya",Japan,"June 21, 2016",2006,TV-Y,2 Season,Music & Musicals,A tv show about power set in Japan.
s1048,Movie,Eternal Hour 1048,Denis Villeneuve,"Riz Ahmed, Daniel Kaluuya, Saoirse Ronan, Tom Hardy",Canada,"July 25, 2020",1990,R,47 min,"Documentaries, British TV Shows",A movie about survival set in Canada.
s1049,Movie,Silent City 1049,Christopher Nolan,"Lupita Nyong'o, Deepika Padukone, Viola Davis, Daniel Kaluuya",Spain,"September 27, 2012",1991,NR,56 min,"British TV Shows, TV Comedies",A movie about family set in Spain.
s1050,Movie,Dark City 1050,Mira Nair,"Idris Elba, Shah Rukh Khan",Germany,"June 02, 2019",2019,PG,134 min,Horror Movies,A movie about family set in Germany.
s1051,Movie,Bright Heart 1051,,"Lupita Nyong'o, Zendaya, Song Kang-ho, Tom Hardy, Tilda Swinton",China,"September 08, 2010",1996,PG-13,53 min,Sci-Fi & Fantasy,A movie about crime set in China.
s1052,Movie,Sacred Legacy 1052,Pedro Almodovar,"Zendaya, Tilda Swinton, Mahershala Ali, Idris Elba, Lupita Nyong'o",Spain,"May 15, 2014",2020,PG-13,69 min,Dramas,A movie about identity set in Spain.
s1053,Movie,Bright Kingdom 1053,Denis Villeneuve,"Tom Hardy, Shah Rukh Khan, Lupita Nyong'o, Zendaya, Penelope Cruz",Germany,"November 19, 2008",2006,TV-PG,104 min,Music & Musicals,A movie about love set in Germany.
s1054,TV Show,Eternal Heart 1054,Martin Scorsese,"Shah Rukh Khan, Tom Hardy, Zendaya, Mahershala Ali",Philippines,"February 07, 2014",1996,TV-PG,5 Season,Reality TV,A tv show about power set in Philippines.
s1055,Movie,Velvet Heart 1055,Greta Gerwig,,France,"March 19, 2014",2019,G,166 min,TV Comedies,A movie about family set in France.
s1056,TV Show,Velvet Shadow 1056,,"Daniel Kaluuya, Riz Ahmed",France,"April 24, 2008",2006,R,3 Seasons,Reality TV,A tv show about identity set in France.
s1057,Movie,Crimson Storm 1057,Hayao Miyazaki,,India,"May 08, 2011",2015,TV-PG,59 min,International Movies,A movie about love set in India.
s1058,Movie,Sacred Truth 1058,,"Saoirse Ronan, Viola Davis, Oscar Isaac, Idris Elba, Song Kang-ho",China,"March 22, 2008",2011,NR,125 min,International Movies,A movie about love set in China.
s1059,Movie,Silent Whisper 1059,Mira Nair,"Zendaya, Song Kang-ho",United Kingdom,"October 10, 2008",2018,TV-14,72 min,Reality TV,A movie about survival set in United Kingdom.
s1060,Movie,Golden Legacy 1060,Christopher Nolan,"Saoirse Ronan, Shah Rukh Khan, Viola Davis, Tom Hardy, Daniel Kaluuya",Germany,"July 05, 2010",2021,TV-PG,185 min,British TV Shows,A movie about love set in Germany.
s1061,Movie,Hidden Garden 1061,Anurag Kashyap,"Oscar Isaac, Riz Ahmed, Florence Pugh, Shah Rukh Khan",France,"November 28, 2016",1990,TV-PG,99 min,"Children & Family Movies, Comedies, Documentaries",A movie about power set in France.
s1062,TV Show,Iron Memory 1062,,"Daniel Kaluuya, Zendaya, Shah Rukh Khan, Penelope Cruz, Oscar Isaac",,"June 08, 2017",2012,R,3 Seasons,Anime Series,A tv show about identity set in an unnamed place.
s1063,TV Show,Golden Legacy 1063,,"Lupita Nyong'o, Idris Elba, Riz Ahmed",Philippines,"July 06, 2010",2014,TV-14,2 Seasons,Crime TV Shows,A tv show about identity set in Philippines.
s1064,Movie,Dark Kingdom 1064,,"Oscar Isaac, Mahershala Ali, Daniel Kaluuya, Florence Pugh, Lupita Nyong'o",Germany,"August 06, 2017",2016,TV-Y7,142 min,Dramas,A movie about identity set in Germany.
s1065,Movie,Hidden Heart 1065,Pedro Almodovar,"Shah Rukh Khan, Oscar Isaac, Viola Davis, Zendaya, Tom Hardy",Indonesia,"December 06, 2010",1995,TV-MA,57 min,"Independent Movies, Korean TV Shows",A movie about crime set in Indonesia.
s1066,Movie,Golden Hour 1066,,"Deepika Padukone, Saoirse Ronan, Lupita Nyong'o, Zendaya",Germany,"November 16, 2008",2000,NR,180 min,"Crime TV Shows, Children & Family Movies",A movie about survival set in Germany.
s1067,Movie,Golden Project 1067,,,Argentina,"April 30, 2011",1990,PG,45 min,Thrillers,A movie about love set in Argentina.
s1068,Movie,Lost Legacy 1068,Bong Joon-ho,"Zendaya, Song Kang-ho, Oscar Isaac, Viola Davis, Riz Ahmed",,"October 27, 2020",1995,TV-14,148 min,Dramas,A movie about identity set in an unnamed place.
s1069,TV Show,Dark Kingdom 1069,Ava DuVernay,"Saoirse Ronan, Tilda Swinton, Deepika Padukone",Egypt,"January 19, 2021",2019,NR,1 Season,"Crime TV Shows, Sci-Fi & Fantasy, Reality TV",A tv show about love set in Egypt.
s1070,TV Show,Dark City 1070,Spike Lee,"Deepika Padukone, Tom Hardy, Zendaya, Riz Ahmed, Oscar Isaac",Philippines,"November 30, 2012",2005,TV-14,4 Seasons,Action & Adventure,A tv show about identity set in Philippines.
s1071,TV Show,Eternal Kingdom 1071,Pedro Almodovar,"Tilda Swinton, Lupita Nyong'o, Shah Rukh Khan, Florence Pugh",Mexico,"May 28, 2008",2002,TV-MA,2 Season,"Horror Movies, Children & Family Movies",A tv show about survival set in Mexico.
s1072,Movie,Wild Whisper 1072,Mira Nair,"Oscar Isaac, Daniel Kaluuya, Mahershala Ali, Saoirse Ronan",Turkey,"March 15, 2009",1996,TV-PG,113 min,"Dramas, Documentaries, Reality TV",A movie about love set in Turkey.
s1073,Movie,Silent City 1073,,"Oscar Isaac, Tom Hardy, Shah Rukh Khan, Penelope Cruz, Riz Ahmed",,"July 27, 2009",2021,PG,79 min,"Horror Movies, TV Dramas",A movie about power set in an unnamed place.
s1074,TV Show,Broken Storm 1074,,"Zendaya, Tom Hardy, Daniel Kaluuya, Saoirse Ronan",Indonesia,"July 23, 2020",1998,PG,2 Seasons,"Stand-Up Comedy, Comedies, Romantic Movies",A tv show about power set in Indonesia.
s1075,TV Show,Eternal Code 1075,,"Song Kang-ho, Zendaya, Tom Hardy, Riz Ahmed, Deepika Padukone",Spain,"July 25, 2017",2016,TV-14,3 Seasons,"Documentaries, Anime Series, Comedies",A tv show about love set in Spain.
s1076,Movie,Bright Memory 1076,Bong Joon-ho,"Riz Ahmed, Viola Davis, Idris Elba",United States,"December 06, 2013",2013,,154 min,"Crime TV Shows, Horror Movies",A movie about power set in United States.
s1077,TV Show,Sacred Storm 1077,Ava DuVernay,,Japan,"November 11, 2017",2016,PG-13,7 Seasons,Action & Adventure,A tv show about identity set in Japan.
s1078,Movie,Crimson Empire 1078,Ava DuVernay,"Oscar Isaac, Deepika Padukone, Riz Ahmed",Spain,"June 17, 2017",1995,TV-Y,181 min,Romantic Movies,A movie about family set in Spain.
s1079,TV Show,Golden Hour 1079,,"Florence Pugh, Deepika Padukone, Tom Hardy",Turkey,"September 08, 2016",2012,TV-Y,3 Seasons,"Comedies, Anime Series",A tv show about survival set in Turkey.
s1080,TV Show,Wild Legacy 1080,Greta Gerwig,"Daniel Kaluuya, Deepika Padukone, Riz Ahmed, Viola Davis",Philippines,"August 28, 2012",2013,,7 Seasons,Korean TV Shows,A tv show about family set in Philippines.
s1081,Movie,Wild Storm 1081,Anurag Kashyap,"Penelope Cruz, Saoirse Ronan, Tom Hardy, Zendaya",Italy,"June 23, 2010",1999,TV-Y,109 min,"TV Dramas, Romantic Movies, Music & Musicals",A movie about family set in Italy.
s1082,Movie,Silent Empire 1082,Park Chan-wook,"Shah Rukh Khan, Florence Pugh, Viola Davis, Riz Ahmed",Indonesia,"May 21, 2012",1995,TV-Y7,108 min,Stand-Up Comedy,A movie about crime set in Indonesia.
s1083,Movie,Eternal Hour 1083,Greta Gerwig,"Shah Rukh Khan, Lupita Nyong'o, Zendaya",Turkey,"February 01, 2017",2015,TV-MA,133 min,Action & Adventure,A movie about love set in Turkey.
s1084,Movie,Silent Project 1084,Greta Gerwig,"Shah Rukh Khan, Florence Pugh, Mahershala Ali, Daniel Kaluuya",United States,"January 01, 2017",1993,G,153 min,Horror Movies,A movie about survival set in United States.
s1085,Movie,Golden Memory 1085,Pedro Almodovar,"Penelope Cruz, Shah Rukh Khan",,"May 10, 2010",2018,NR,199 min,Comedies,A movie about love set in an unnamed place.
s1086,TV Show,Lost Empire 1086,,"Song Kang-ho, Daniel Kaluuya, Viola Davis, Florence Pugh, Mahershala Ali",Canada,"June 19, 2018",2016,TV-14,7 Seasons,TV Dramas,A tv show about power set in Canada.
s1087,TV Show,Sacred Empire 1087,Greta Gerwig,,Egypt,"May 16, 2015",2013,TV-14,2 Season,"Crime TV Shows, Horror Movies",A tv show about family set in Egypt.
s1088,Movie,Golden Kingdom 1088,,"Tom Hardy, Deepika Padukone, Shah Rukh Khan, Florence Pugh, Zendaya",India,"June 30, 2018",1997,TV-14,154 min,Reality TV,A movie about power set in India.
s1089,Movie,Sacred Code 1089,Anurag Kashyap,"Florence Pugh, Saoirse Ronan, Deepika Padukone",Canada,"November 18, 2018",2011,TV-MA,159 min,"Reality TV, Action & Adventure",A movie about love set in Canada.
s1090,Movie,Hidden Legacy 1090,,"Mahershala Ali, Deepika Padukone, Riz Ahmed, Lupita Nyong'o",,"October 05, 2013",2008,TV-PG,99 min,"Romantic Movies, Music & Musicals",A movie about love set in an unnamed place.
s1091,Movie,Lost Truth 1091,Mira Nair,"Mahershala Ali, Riz Ahmed, Deepika Padukone, Saoirse Ronan, Penelope Cruz",United States,"December 03, 2017",2012,NR,75 min,Independent Movies,A movie about family set in United States.
s1092,Movie,Bright Promise 1092,,,Turkey,"April 04, 2011",2014,TV-Y7,47 min,Thrillers,A movie about family set in Turkey.
s1093,Movie,Dark Hour 1093,Greta Gerwig,"Oscar Isaac, Riz Ahmed, Song Kang-ho",Canada,"December 24, 2012",1998,PG-13,173 min,Horror Movies,A movie about love set in Canada.
s1094,Movie,Bright Kingdom 1094,Mira Nair,"Tom Hardy, Idris Elba",India,"April 05, 2016",1994,PG,185 min,"Sci-Fi & Fantasy, TV Comedies",A movie about power set in India.
s1095,TV Show,Crimson Hour 1095,Mira Nair,"Oscar Isaac, Lupita Nyong'o, Viola Davis",Australia,,1997,PG-13,8 Seasons,British TV Shows,A tv show about identity set in Australia.
s1096,TV Show,Velvet Truth 1096,Christopher Nolan,"Tilda Swinton, Idris Elba, Mahershala Ali",Canada,"September 17, 2009",2018,PG,2 Season,"TV Dramas, Independent Movies, British TV Shows",A tv show about identity set in Canada.
s1097,Movie,Eternal Storm 1097,,"Zendaya, Shah Rukh Khan",Italy,,2008,TV-Y,139 min,"Stand-Up Comedy, Anime Series",A movie about survival set in Italy.
s1098,Movie,Eternal Kingdom 1098,Martin Scorsese,"Zendaya, Viola Davis",Germany,"October 12, 2018",2004,TV-MA,100 min,British TV Shows,A movie about family set in Germany.
s1099,Movie,Crimson Legacy 1099,,"Oscar Isaac, Riz Ahmed, Viola Davis, Saoirse Ronan, Lupita Nyong'o",Egypt,"August 06, 2016",1993,TV-PG,130 min,"TV Comedies, Korean TV Shows",A movie about survival set in Egypt.
s1100,TV Show,Bright Heart 1100,,"Viola Davis, Deepika Padukone, Penelope Cruz, Riz Ahmed",United States,"June 17, 2016",2003,TV-14,4 Seasons,Reality TV,A tv show about survival set in United States.
s1101,Movie,Golden Promise 1101,Anurag Kashyap,"Daniel Kaluuya, Oscar Isaac, Tom Hardy, Penelope Cruz, Tilda Swinton",Germany,"September 27, 2019",2015,R,90 min,Crime TV Shows,A movie about family set in Germany.
s1102,TV Show,Hidden Empire 1102,Martin Scorsese,"Daniel Kaluuya, Song Kang-ho, Oscar Isaac",United Kingdom,"May 05, 2015",2018,PG-13,1 Season,"Crime TV Shows, Stand-Up Comedy, Anime Series",A tv show about love set in United Kingdom.
s1103,TV Show,Frozen Code 1103,Spike Lee,"Lupita Nyong'o, Shah Rukh Khan, Penelope Cruz, Viola Davis",United States,"October 26, 2019",2006,TV-PG,8 Season,"Documentaries, Anime Series",A tv show about power set in United States.
s1104,Movie,Lost Memory 1104,,"Daniel Kaluuya, Viola Davis, Zendaya",Egypt,"December 28, 2018",2017,TV-Y7,72 min,"Romantic Movies, International Movies",A movie about family set in Egypt.
s1105,Movie,Bright Legacy 1105,Greta Gerwig,"Deepika Padukone, Tom Hardy, Idris Elba, Shah Rukh Khan, Viola Davis",Philippines,,2001,TV-PG,150 min,"Reality TV, Dramas, Action & Adventure",A movie about family set in Philippines.
s1106,Movie,Broken Storm 1106,Christopher Nolan,,United Kingdom,"June 07, 2008",2003,TV-14,147 min,Anime Series,A movie about love set in United Kingdom.
s1107,TV Show,Iron Empire 1107,Greta Gerwig,"Idris Elba, Penelope Cruz, Riz Ahmed",Germany,"June 13, 2016",2004,TV-Y7,3 Seasons,"Stand-Up Comedy, Horror Movies",A tv show about identity set in Germany.
s1108,Movie,Crimson Code 1108,,"Lupita Nyong'o, Tom Hardy, Shah Rukh Khan, Idris Elba",Indonesia,"May 02, 2020",2010,NR,101 min,"Music & Musicals, Horror Movies, Documentaries",A movie about survival set in Indonesia.
s1109,TV Show,Sacred Heart 1109,,"Song Kang-ho, Riz Ahmed, Penelope Cruz",India,"August 18, 2020",2017,TV-Y,7 Seasons,"Crime TV Shows, Romantic Movies, Anime Series",A tv show about crime set in India.
s1110,Movie,Hidden Whisper 1110,Mira Nair,"Tom Hardy, Deepika Padukone, Mahershala Ali, Daniel Kaluuya",China,"January 23, 2008",2016,PG,150 min,Romantic Movies,A movie about love set in China.
s1111,Movie,Iron Memory 1111,Mira Nair,"Viola Davis, Shah Rukh Khan, Zendaya",Brazil,"September 17, 2014",2005,PG-13,111 min,"Independent Movies, International Movies, Horror Movies",A movie about crime set in Brazil.
s1112,TV Show,Eternal Garden 1112,,"Deepika Padukone, Idris Elba, Viola Davis",,"June 07, 2015",2012,TV-MA,2 Seasons,"Horror Movies, Crime TV Shows, Sci-Fi & Fantasy",A tv show about family set in an unnamed place.
s1113,TV Show,Iron City 1113,,"Penelope Cruz, Oscar Isaac, Song Kang-ho, Florence Pugh",South Korea,"August 09, 2014",2005,TV-PG,7 Season,"Dramas, TV Dramas, Reality TV",A tv show about power set in South Korea.
s1114,Movie,Silent Project 1114,Greta Gerwig,"Idris Elba, Zendaya",Egypt,"June 03, 2021",2015,NR,198 min,"Documentaries, International Movies, Action & Adventure",A movie about crime set in Egypt.
s1115,Movie,Wild Shadow 1115,,"Mahershala Ali, Saoirse Ronan, Shah Rukh Khan, Viola Davis",Italy,"January 06, 2014",1995,TV-Y7,132 min,"Action & Adventure, Independent Movies, Documentaries",A movie about crime set in Italy.
s1116,Movie,Midnight Memory 1116,,"Florence Pugh, Shah Rukh Khan, Penelope Cruz",Germany,"May 23, 2011",2015,TV-14,81 min,"Dramas, Stand-Up Comedy, Action & Adventure",A movie about survival set in Germany.
s1117,TV Show,Crimson Empire 1117,,"Tilda Swinton, Riz Ahmed, Shah Rukh Khan, Saoirse Ronan",,"May 17, 2010",1994,R,6 Season,"Action & Adventure, Children & Family Movies",A tv show about crime set in an unnamed place.
s1118,TV Show,Silent Kingdom 1118,Christopher Nolan,"Zendaya, Deepika Padukone",Egypt,"November 07, 2013",2019,TV-PG,6 Seasons,"Documentaries, Music & Musicals",A tv show about love set in Egypt.
s1119,Movie,Crimson Memory 1119,Park Chan-wook,"Song Kang-ho, Oscar Isaac, Shah Rukh Khan, Mahershala Ali",United States,"March 04, 2020",2020,TV-Y,171 min,"TV Comedies, Independent Movies, Thrillers",A movie about crime set in United States.
s1120,TV Show,Sacred Promise 1120,Pedro Almodovar,"Mahershala Ali, Riz Ahmed",India,"June 24, 2018",2008,PG-13,1 Seasons,"Korean TV Shows, TV Dramas",A tv show about power set in India.
s1121,Movie,Crimson Project 1121,Anurag Kashyap,"Riz Ahmed, Mahershala Ali, Florence Pugh, Deepika Padukone",Japan,,2007,TV-PG,194 min,TV Dramas,A movie about family set in Japan.
s1122,TV Show,Dark Truth 1122,Denis Villeneuve,"Florence Pugh, Shah Rukh Khan",Japan,"November 10, 2015",1990,G,3 Season,"TV Comedies, Romantic Movies, Sci-Fi & Fantasy",A tv show about survival set in Japan.
s1123,Movie,Broken Garden 1123,Greta Gerwig,"Shah Rukh Khan, Riz Ahmed",Japan,"February 18, 2014",1995,NR,89 min,"Dramas, Music & Musicals, Stand-Up Comedy",A movie about survival set in Japan.
s1124,Movie,Golden Heart 1124,,"Lupita Nyong'o, Zendaya",Australia,"March 07, 2009",2013,TV-PG,62 min,"Sci-Fi & Fantasy, International Movies",A movie about love set in Australia.
s1125,TV Show,Velvet Kingdom 1125,,"Deepika Padukone, Idris Elba, Florence Pugh",Indonesia,"August 06, 2011",2009,TV-14,2 Seasons,TV Comedies,A tv show about love set in Indonesia.
s1126,Movie,Broken Empire 1126,Anurag Kashyap,"Tilda Swinton, Penelope Cruz",Canada,"May 17, 2017",1993,TV-Y,78 min,"Sci-Fi & Fantasy, Thrillers",A movie about power set in Canada.
s1127,Movie,Eternal Empire 1127,,"Idris Elba, Song Kang-ho, Saoirse Ronan, Penelope Cruz, Viola Davis",Turkey,"December 31, 2012",1997,R,150 min,Dramas,A movie about power set in Turkey.
s1128,TV Show,Velvet Storm 1128,Christopher Nolan,"Saoirse Ronan, Song Kang-ho, Mahershala Ali, Viola Davis",Germany,"June 14, 2014",1997,R,8 Season,"TV Comedies, Korean TV Shows",A tv show about family set in Germany.
s1129,Movie,Broken City 1129,Martin Scorsese,"Lupita Nyong'o, Oscar Isaac, Saoirse Ronan",India,"August 11, 2017",1994,PG,70 min,"Reality TV, Anime Series, Dramas",A movie about love set in India.
s1130,TV Show,Wild Code 1130,Bong Joon-ho,"Viola Davis, Zendaya, Shah Rukh Khan",Spain,"December 24, 2013",2007,TV-Y7,3 Season,"Stand-Up Comedy, Crime TV Shows",A tv show about crime set in Spain.
s1131,Movie,Broken Code 1131,Mira Nair,"Idris Elba, Daniel Kaluuya",China,"January 20, 2013",2014,TV-PG,152 min,"Independent Movies, International Movies, Children & Family Movies",A movie about power set in China.
s1132,Movie,Crimson Legacy 1132,Ava DuVernay,"Tom Hardy, Oscar Isaac",Nigeria,"January 07, 2015",2020,PG-13,89 min,TV Comedies,A movie about power set in Nigeria.
s1133,Movie,Eternal Truth 1133,Martin Scorsese,"Deepika Padukone, Daniel Kaluuya",Germany,"February 12, 2009",2009,TV-Y,69 min,"Horror Movies, Anime Series",A movie about identity set in Germany.
s1134,TV Show,Frozen Storm 1134,Spike Lee,,United Kingdom,"February 14, 2018",2012,PG-13,7 Seasons,TV Comedies,A tv show about crime set in United Kingdom.
s1135,Movie,Bright Truth 1135,Christopher Nolan,"Shah Rukh Khan, Lupita Nyong'o, Idris Elba, Zendaya",Philippines,"May 04, 2009",1999,TV-PG,192 min,Dramas,A movie about identity set in Philippines.
s1136,Movie,Lost Memory 1136,Pedro Almodovar,"Deepika Padukone, Idris Elba, Penelope Cruz, Florence Pugh",India,"October 26, 2008",2004,TV-Y7,113 min,"Independent Movies, Korean TV Shows",A movie about crime set in India.
s1137,Movie,Broken Heart 1137,Park Chan-wook,"Daniel Kaluuya, Mahershala Ali, Florence Pugh, Viola Davis, Lupita Nyong'o",Japan,"June 07, 2017",2016,TV-Y7,192 min,"Children & Family Movies, Comedies, Dramas",A movie about identity set in Japan.
s1138,Movie,Iron Legacy 1138,Bong Joon-ho,"Viola Davis, Penelope Cruz, Deepika Padukone, Florence Pugh",Turkey,"October 17, 2011",2020,TV-MA,125 min,"Crime TV Shows, Dramas, Sci-Fi & Fantasy",A movie about identity set in Turkey.
s1139,Movie,Dark Kingdom 1139,Martin Scorsese,"Shah Rukh Khan, Lupita Nyong'o, Riz Ahmed, Penelope Cruz, Tilda Swinton",United States,"August 14, 2012",2001,TV-14,147 min,Independent Movies,A movie about power set in United States.
s1140,TV Show,Lost Heart 1140,,"Shah Rukh Khan, Tilda Swinton, Oscar Isaac",Japan,"August 07, 2020",1999,PG,4 Seasons,Anime Series,A tv show about love set in Japan.
s1141,Movie,Bright City 1141,,"Lupita Nyong'o, Shah Rukh Khan, Penelope Cruz, Oscar Isaac",United States,"April 06, 2021",2005,TV-14,105 min,"Sci-Fi & Fantasy, Dramas",A movie about love set in United States.
s1142,Movie,Sacred Code 1142,Hayao Miyazaki,"Idris Elba, Viola Davis, Oscar Isaac, Daniel Kaluuya, Lupita Nyong'o",United States,"August 14, 2021",2000,PG-13,104 min,"Korean TV Shows, Children & Family Movies, Horror Movies",A movie about love set in United States.
s1143,Movie,Sacred Project 1143,Ava DuVernay,,Canada,"April 05, 2019",1990,TV-Y,114 min,"Horror Movies, Action & Adventure, Crime TV Shows",A movie about power set in Canada.
s1144,Movie,Dark Truth 1144,Martin Scorsese,"Saoirse Ronan, Zendaya, Riz Ahmed, Tilda Swinton",Australia,,2018,TV-14,166 min,Music & Musicals,A movie about crime set in Australia.
s1145,Movie,Hidden Empire 1145,Martin Scorsese,"Shah Rukh Khan, Deepika Padukone",France,"June 21, 2021",2016,PG-13,121 min,"Crime TV Shows, Dramas, Independent Movies",A movie about survival set in France.
s1146,Movie,Frozen Hour 1146,Denis Villeneuve,"Zendaya, Tilda Swinton, Saoirse Ronan",Turkey,"June 27, 2017",1997,TV-Y,73 min,British TV Shows,A movie about survival set in Turkey.
s1147,Movie,Lost Legacy 1147,,"Deepika Padukone, Oscar Isaac",India,"December 06, 2011",2016,PG-13,116 min,"Thrillers, Crime TV Shows",A movie about identity set in India.
s1148,Movie,Iron Promise 1148,Denis Villeneuve,"Tom Hardy, Viola Davis, Shah Rukh Khan, Daniel Kaluuya, Mahershala Ali",France,"May 21, 2016",2003,TV-MA,194 min,Documentaries,A movie about crime set in France.
s1149,Movie,Crimson Empire 1149,,"Florence Pugh, Riz Ahmed, Zendaya, Mahershala Ali, Tom Hardy",Italy,"January 25, 2018",1990,PG-13,107 min,"Crime TV Shows, Documentaries",A movie about power set in Italy.
s1150,Movie,Eternal Whisper 1150,,"Shah Rukh Khan, Mahershala Ali, Lupita Nyong'o, Deepika Padukone",Germany,"June 14, 2013",2015,PG-13,175 min,"Documentaries, Action & Adventure, TV Dramas",A movie about power set in Germany.
s1151,Movie,Wild Garden 1151,Greta Gerwig,"Riz Ahmed, Shah Rukh Khan, Song Kang-ho, Zendaya, Daniel Kaluuya",Italy,"May 25, 2018",2016,TV-14,78 min,"Independent Movies, Sci-Fi & Fantasy",A movie about identity set in Italy.
s1152,TV Show,Bright Project 1152,Anurag Kashyap,"Lupita Nyong'o, Shah Rukh Khan",Italy,"March 18, 2017",1998,,7 Season,"Independent Movies, Music & Musicals",A tv show about survival set in Italy.
s1153,Movie,Bright Whisper 1153,Mira Nair,"Deepika Padukone, Song Kang-ho, Idris Elba",Argentina,"December 19, 2016",2019,TV-Y7,92 min,"Stand-Up Comedy, Dramas",A movie about family set in Argentina.
s1154,Movie,Hidden Legacy 1154,,"Deepika Padukone, Viola Davis, Idris Elba, Song Kang-ho",South Korea,"June 12, 2021",1995,TV-PG,148 min,Dramas,A movie about love set in South Korea.
s1155,TV Show,Hidden Storm 1155,,"Florence Pugh, Shah Rukh Khan, Riz Ahmed, Oscar Isaac, Mahershala Ali",United Kingdom,"November 03, 2014",2004,PG-13,2 Season,Dramas,A tv show about crime set in United Kingdom.
s1156,Movie,Velvet Heart 1156,Park Chan-wook,"Saoirse Ronan, Tom Hardy, Oscar Isaac, Riz Ahmed, Lupita Nyong'o",Australia,"August 09, 2016",2009,TV-PG,120 min,Crime TV Shows,A movie about identity set in Australia.
s1157,TV Show,Iron Promise 1157,,"Deepika Padukone, Tom Hardy, Oscar Isaac, Daniel Kaluuya",Turkey,"April 18, 2010",2006,NR,7 Season,"Reality TV, International Movies, TV Dramas",A tv show about survival set in Turkey.
s1158,Movie,Bright Empire 1158,,"Tom Hardy, Deepika Padukone, Oscar Isaac",Canada,"August 28, 2017",2011,TV-PG,119 min,Sci-Fi & Fantasy,A movie about crime set in Canada.
s1159,TV Show,Hidden Heart 1159,Ava DuVernay,"Shah Rukh Khan, Tilda Swinton, Song Kang-ho",Indonesia,"January 28, 2017",1996,,8 Seasons,Romantic Movies,A tv show about love set in Indonesia.
s1160,Movie,Eternal Empire 1160,,,Japan,"April 16, 2011",2011,NR,197 min,"Comedies, Independent Movies, Thrillers",A movie about identity set in Japan.
s1161,Movie,Crimson Heart 1161,,"Oscar Isaac, Riz Ahmed, Saoirse Ronan",Egypt,"August 28, 2021",1990,TV-Y7,155 min,Anime Series,A movie about power set in Egypt.
s1162,TV Show,Broken Project 1162,,"Tom Hardy, Mahershala Ali",Turkey,"August 23, 2021",1994,TV-MA,9 Seasons,"Comedies, British TV Shows",A tv show about power set in Turkey.
s1163,Movie,Iron Promise 1163,Mira Nair,"Mahershala Ali, Penelope Cruz, Song Kang-ho, Saoirse Ronan",,"July 09, 2020",2012,PG,133 min,"Comedies, Action & Adventure, Crime TV Shows",A movie about survival set in an unnamed place.
s1164,Movie,Golden Truth 1164,Park Chan-wook,"Florence Pugh, Tom Hardy",Argentina,,2008,,107 min,Sci-Fi & Fantasy,A movie about family set in Argentina.
s1165,TV Show,Midnight Legacy 1165,Martin Scorsese,"Saoirse Ronan, Shah Rukh Khan, Viola Davis",United States,"March 14, 2021",2014,TV-PG,1 Season,"Reality TV, Music & Musicals",A tv show about survival set in United States.
s1166,Movie,Hidden Hour 1166,Ava DuVernay,,China,,2015,NR,131 min,TV Comedies,A movie about family set in China.
s1167,Movie,Golden Code 1167,,"Tilda Swinton, Mahershala Ali, Penelope Cruz",India,"July 26, 2021",2019,TV-MA,173 min,"International Movies, Stand-Up Comedy, British TV Shows",A movie about love set in India.
s1168,Movie,Velvet Legacy 1168,Martin Scorsese,"Song Kang-ho, Oscar Isaac",United Kingdom,"April 30, 2014",2004,R,82 min,"TV Comedies, Action & Adventure",A movie about love set in United Kingdom.
s1169,Movie,Hidden Legacy 1169,Martin Scorsese,"Deepika Padukone, Shah Rukh Khan, Tilda Swinton, Viola Davis, Florence Pugh",Italy,"March 14, 2018",2000,PG,102 min,"British TV Shows, Dramas, Music & Musicals",A movie about survival set in Italy.
s1170,TV Show,Eternal Memory 1170,Spike Lee,"Saoirse Ronan, Zendaya",South Korea,"June 04, 2009",2008,TV-14,6 Seasons,"Children & Family Movies, Stand-Up Comedy, British TV Shows",A tv show about survival set in South Korea.
s1171,TV Show,Silent Project 1171,Bong Joon-ho,"Tom Hardy, Idris Elba, Song Kang-ho, Daniel Kaluuya, Shah Rukh Khan",United Kingdom,"October 03, 2014",1991,TV-Y7,9 Seasons,Thrillers,A tv show about survival set in United Kingdom.
s1172,Movie,Lost Whisper 1172,Martin Scorsese,"Florence Pugh, Penelope Cruz",United States,"November 24, 2010",1995,TV-Y,113 min,Music & Musicals,A movie about identity set in United States.
s1173,Movie,Lost Project 1173,,,Japan,"April 27, 2013",1991,TV-PG,50 min,"Children & Family Movies, Crime TV Shows, Romantic Movies",A movie about power set in Japan.
s1174,Movie,Wild Truth 1174,Spike Lee,"Deepika Padukone, Riz Ahmed, Viola Davis, Oscar Isaac",Japan,"December 07, 2008",1993,G,155 min,Documentaries,A movie about survival set in Japan.
s1175,Movie,Dark Heart 1175,Park Chan-wook,"Saoirse Ronan, Tom Hardy, Idris Elba, Daniel Kaluuya",Indonesia,"May 26, 2014",2011,TV-14,76 min,"Dramas, Reality TV, Action & Adventure",A movie about power set in Indonesia.
s1176,Movie,Broken Whisper 1176,Pedro Almodovar,"Tilda Swinton, Penelope Cruz, Zendaya, Shah Rukh Khan",Indonesia,"April 27, 2016",1999,NR,171 min,Crime TV Shows,A movie about power set in Indonesia.
s1177,Movie,Lost Garden 1177,Hayao Miyazaki,"Saoirse Ronan, Daniel Kaluuya, Lupita Nyong'o, Penelope Cruz, Tom Hardy",Mexico,"June 17, 2011",2016,TV-Y,49 min,Thrillers,A movie about family set in Mexico.
s1178,TV Show,Midnight Whisper 1178,Martin Scorsese,,United States,"March 02, 2013",1995,TV-14,6 Seasons,"Korean TV Shows, Anime Series",A tv show about identity set in United States.
s1179,Movie,Silent Promise 1179,Christopher Nolan,"Oscar Isaac, Deepika Padukone, Daniel Kaluuya, Saoirse Ronan",,"December 04, 2013",2013,PG,164 min,"International Movies, Crime TV Shows, Anime Series",A movie about love set in an unnamed place.
s1180,Movie,Golden Kingdom 1180,Pedro Almodovar,"Riz Ahmed, Mahershala Ali, Saoirse Ronan, Zendaya, Penelope Cruz",Turkey,"October 05, 2010",2005,PG,200 min,"Children & Family Movies, Reality TV",A movie about survival set in Turkey.
s1181,Movie,Lost Whisper 1181,Martin Scorsese,"Daniel Kaluuya, Riz Ahmed, Deepika Padukone",United Kingdom,"June 24, 2013",1990,TV-14,189 min,Romantic Movies,A movie about love set in United Kingdom.
s1182,Movie,Broken Heart 1182,,"Daniel Kaluuya, Song Kang-ho, Florence Pugh",South Korea,"January 29, 2017",2008,TV-PG,188 min,Crime TV Shows,A movie about crime set in South Korea.
s1183,TV Show,Dark Shadow 1183,Spike Lee,"Lupita Nyong'o, Shah Rukh Khan, Deepika Padukone",Spain,"July 30, 2011",2004,PG,3 Season,Romantic Movies,A tv show about love set in Spain.
s1184,Movie,Hidden Memory 1184,Christopher Nolan,"Deepika Padukone, Florence Pugh, Zendaya",Germany,"October 06, 2012",2009,TV-14,199 min,"Korean TV Shows, Documentaries, Dramas",A movie about power set in Germany.
s1185,Movie,Dark Whisper 1185,Denis Villeneuve,"Saoirse Ronan, Zendaya, Penelope Cruz, Tom Hardy",Egypt,"September 30, 2020",1994,R,76 min,Dramas,A movie about power set in Egypt.
s1186,TV Show,Sacred Storm 1186,Bong Joon-ho,"Riz Ahmed, Tilda Swinton, Mahershala Ali",France,"June 26, 2018",2019,TV-14,7 Seasons,"International Movies, TV Comedies, Independent Movies",A tv show about family set in France.
s1187,TV Show,Lost City 1187,Martin Scorsese,"Viola Davis, Song Kang-ho, Penelope Cruz, Florence Pugh",,"October 20, 2011",2009,PG-13,2 Seasons,British TV Shows,A tv show about power set in an unnamed place.
s1188,Movie,Lost Promise 1188,Greta Gerwig,,Turkey,"March 24, 2016",2000,TV-Y,80 min,"Independent Movies, Dramas",A movie about survival set in Turkey.
s1189,TV Show,Lost Project 1189,,"Mahershala Ali, Tilda Swinton, Riz Ahmed",Italy,"November 19, 2013",2016,PG-13,8 Season,"British TV Shows, Independent Movies, Thrillers",A tv show about love set in Italy.
s1190,Movie,Crimson Code 1190,Mira Nair,"Shah Rukh Khan, Saoirse Ronan, Oscar Isaac, Mahershala Ali",India,"November 28, 2021",2010,TV-MA,117 min,"Thrillers, Documentaries, Stand-Up Comedy",A movie about survival set in India.
s1191,Movie,Silent Promise 1191,Mira Nair,"Song Kang-ho, Shah Rukh Khan, Viola Davis, Zendaya, Mahershala Ali",China,"September 03, 2009",1996,PG-13,188 min,"Horror Movies, Children & Family Movies",A movie about love set in China.
s1192,Movie,Midnight Promise 1192,Hayao Miyazaki,"Saoirse Ronan, Zendaya, Song Kang-ho",Nigeria,"October 27, 2014",2021,TV-PG,132 min,"Anime Series, Korean TV Shows",A movie about power set in Nigeria.
s1193,Movie,Dark Legacy 1193,Pedro Almodovar,"Penelope Cruz, Deepika Padukone, Lupita Nyong'o",Argentina,"April 05, 2020",2008,G,57 min,"Comedies, Thrillers",A movie about power set in Argentina.
s1194,TV Show,Velvet Hour 1194,Greta Gerwig,"Florence Pugh, Tom Hardy, Daniel Kaluuya, Tilda Swinton",Turkey,"December 25, 2021",2007,TV-Y,4 Seasons,"Horror Movies, Dramas, Anime Series",A tv show about crime set in Turkey.
s1195,Movie,Sacred Kingdom 1195,,"Riz Ahmed, Viola Davis, Penelope Cruz",United States,"March 28, 2015",2012,TV-Y7,174 min,"Children & Family Movies, Crime TV Shows",A movie about survival set in United States.
s1196,Movie,Frozen Shadow 1196,Denis Villeneuve,"Song Kang-ho, Shah Rukh Khan, Saoirse Ronan, Deepika Padukone",United States,,2014,PG,178 min,"Korean TV Shows, Documentaries",A movie about family set in United States.
s1197,Movie,Eternal Kingdom 1197,Denis Villeneuve,"Saoirse Ronan, Shah Rukh Khan",Mexico,"June 28, 2019",2020,TV-MA,81 min,Thrillers,A movie about identity set in Mexico.
s1198,Movie,Frozen Shadow 1198,,"Daniel Kaluuya, Riz Ahmed, Tom Hardy, Mahershala Ali",,,2005,TV-MA,121 min,"Documentaries, Thrillers",A movie about identity set in an unnamed place.
s1199,Movie,Lost Promise 1199,,"Deepika Padukone, Tom Hardy",Germany,"October 07, 2012",2007,TV-MA,194 min,"Comedies, British TV Shows",A movie about identity set in Germany.
s1200,Movie,Dark City 1200,Mira Nair,"Lupita Nyong'o, Idris Elba, Shah Rukh Khan",Canada,"September 23, 2016",2007,PG-13,126 min,Anime Series,A movie about crime set in Canada.
s1201,Movie,Sacred Shadow 1201,Spike Lee,"Tilda Swinton, Deepika Padukone",Spain,"June 03, 2008",2011,G,56 min,Stand-Up Comedy,A movie about love set in Spain.
s1202,Movie,Velvet Storm 1202,Park Chan-wook,"Deepika Padukone, Viola Davis",Nigeria,"February 20, 2011",2011,NR,49 min,"Thrillers, Sci-Fi & Fantasy",A movie about crime set in Nigeria.
s1203,Movie,Midnight Code 1203,Park Chan-wook,"Riz Ahmed, Deepika Padukone, Idris Elba, Oscar Isaac",Canada,"June 30, 2009",2017,G,85 min,Dramas,A movie about identity set in Canada.
s1204,Movie,Golden Promise 1204,Denis Villeneuve,"Lupita Nyong'o, Viola Davis, Oscar Isaac, Penelope Cruz, Shah Rukh Khan",Spain,"August 18, 2017",1991,PG,185 min,"Music & Musicals, Children & Family Movies",A movie about crime set in Spain.
s1205,Movie,Dark Heart 1205,Pedro Almodovar,"Penelope Cruz, Mahershala Ali, Tom Hardy, Daniel Kaluuya, Florence Pugh",Philippines,"December 09, 2009",2013,G,68 min,"Reality TV, Korean TV Shows",A movie about crime set in Philippines.
s1206,Movie,Silent City 1206,Denis Villeneuve,"Riz Ahmed, Oscar Isaac, Lupita Nyong'o, Zendaya",Turkey,"April 13, 2013",1998,TV-PG,101 min,"British TV Shows, Action & Adventure, Anime Series",A movie about identity set in Turkey.
s1207,Movie,Velvet Empire 1207,Anurag Kashyap,"Viola Davis, Mahershala Ali",Turkey,"February 12, 2014",2018,G,116 min,"Anime Series, Independent Movies",A movie about family set in Turkey.
s1208,TV Show,Midnight Hour 1208,Hayao Miyazaki,"Penelope Cruz, Oscar Isaac, Lupita Nyong'o, Viola Davis",China,"November 21, 2008",2018,TV-Y7,9 Season,"Comedies, Crime TV Shows, British TV Shows",A tv show about identity set in China.
s1209,Movie,Velvet Storm 1209,Mira Nair,"Idris Elba, Penelope Cruz, Riz Ahmed, Lupita Nyong'o, Song Kang-ho",China,"March 21, 2017",2003,TV-PG,49 min,"British TV Shows, TV Comedies, Comedies",A movie about crime set in China.
s1210,Movie,Broken Hour 1210,,"Tilda Swinton, Mahershala Ali",China,"September 19, 2020",2014,TV-14,175 min,Dramas,A movie about power set in China.
s1211,TV Show,Lost City 1211,Ava DuVernay,"Song Kang-ho, Tom Hardy",France,"April 17, 2011",1999,NR,4 Season,"Korean TV Shows, Stand-Up Comedy, Sci-Fi & Fantasy",A tv show about identity set in France.
s1212,TV Show,Bright Empire 1212,,"Daniel Kaluuya, Idris Elba, Deepika Padukone, Lupita Nyong'o, Oscar Isaac",Nigeria,"January 19, 2013",2002,TV-Y7,1 Seasons,"Horror Movies, Action & Adventure",A tv show about crime set in Nigeria.
s1213,TV Show,Iron City 1213,Christopher Nolan,"Viola Davis, Tilda Swinton, Riz Ahmed, Florence Pugh",India,"February 05, 2010",2020,R,9 Season,"Children & Family Movies, International Movies",A tv show about family set in India.
s1214,Movie,Frozen Legacy 1214,,"Shah Rukh Khan, Saoirse Ronan, Deepika Padukone, Tom Hardy",Canada,"February 01, 2013",2010,R,147 min,"Anime Series, Action & Adventure, Crime TV Shows",A movie about power set in Canada.
s1215,TV Show,Dark City 1215,Mira Nair,,,"February 06, 2018",2018,TV-PG,4 Seasons,"Children & Family Movies, TV Dramas",A tv show about survival set in an unnamed place.
s1216,Movie,Hidden Shadow 1216,Mira Nair,"Deepika Padukone, Riz Ahmed",Turkey,"June 26, 2008",1994,TV-PG,126 min,"Thrillers, British TV Shows",A movie about identity set in Turkey.
s1217,Movie,Dark Kingdom 1217,Spike Lee,"Saoirse Ronan, Tilda Swinton, Deepika Padukone",Nigeria,"July 19, 2020",2003,TV-PG,189 min,Crime TV Shows,A movie about identity set in Nigeria.
s1218,Movie,Golden Hour 1218,Anurag Kashyap,"Deepika Padukone, Shah Rukh Khan, Saoirse Ronan",Brazil,"October 13, 2015",2006,NR,155 min,"Dramas, Anime Series",A movie about crime set in Brazil.
s1219,Movie,Sacred Shadow 1219,Ava DuVernay,"Song Kang-ho, Idris Elba, Mahershala Ali",Brazil,"November 05, 2009",2021,NR,74 min,"Comedies, Anime Series",A movie about love set in Brazil.
s1220,Movie,Silent City 1220,,"Florence Pugh, Oscar Isaac",Mexico,"March 21, 2010",2004,PG-13,115 min,"British TV Shows, TV Comedies, International Movies",A movie about power set in Mexico.
s1221,Movie,Dark Legacy 1221,,"Oscar Isaac, Tom Hardy, Mahershala Ali, Shah Rukh Khan, Daniel Kaluuya",France,"June 22, 2014",2005,TV-MA,83 min,"TV Dramas, Dramas",A movie about identity set in France.
s1222,TV Show,Velvet Shadow 1222,Anurag Kashyap,"Riz Ahmed, Penelope Cruz, Deepika Padukone",Indonesia,"April 26, 2017",2016,TV-14,1 Season,"TV Comedies, Horror Movies",A tv show about family set in Indonesia.
s1223,Movie,Bright Empire 1223,,"Saoirse Ronan, Tilda Swinton, Mahershala Ali",Germany,"March 16, 2020",1992,R,157 min,"Reality TV, Horror Movies",A movie about survival set in Germany.
s1224,Movie,Velvet Memory 1224,,"Shah Rukh Khan, Idris Elba, Daniel Kaluuya, Tilda Swinton, Saoirse Ronan",Italy,"August 03, 2014",1991,R,107 min,"Comedies, Anime Series",A movie about family set in Italy.
s1225,TV Show,Bright Whisper 1225,Greta Gerwig,"Viola Davis, Daniel Kaluuya, Lupita Nyong'o, Penelope Cruz, Song Kang-ho",France,"June 28, 2009",2012,TV-Y,6 Season,Romantic Movies,A tv show about survival set in France.
s1226,Movie,Broken Project 1226,Christopher Nolan,"Tom Hardy, Song Kang-ho",China,"January 05, 2012",2011,R,114 min,"Children & Family Movies, Reality TV",A movie about survival set in China.
s1227,Movie,Silent Legacy 1227,Bong Joon-ho,"Daniel Kaluuya, Florence Pugh, Song Kang-ho, Riz Ahmed",,"March 10, 2014",2014,TV-14,140 min,"British TV Shows, Sci-Fi & Fantasy, Thrillers",A movie about crime set in an unnamed place.
s1228,Movie,Midnight Storm 1228,Mira Nair,"Tilda Swinton, Song Kang-ho, Viola Davis, Shah Rukh Khan, Mahershala Ali",,,2010,TV-Y7,171 min,"Stand-Up Comedy, Music & Musicals, Action & Adventure",A movie about identity set in an unnamed place.
s1229,Movie,Golden Legacy 1229,Pedro Almodovar,,China,"June 15, 2013",1995,NR,66 min,"Comedies, Music & Musicals",A movie about family set in China.
s1230,Movie,Wild Legacy 1230,Park Chan-wook,"Daniel Kaluuya, Florence Pugh",China,"January 06, 2009",2015,PG,153 min,"Documentaries, Crime TV Shows",A movie about survival set in China.
s1231,TV Show,Broken Hour 1231,Martin Scorsese,"Penelope Cruz, Song Kang-ho, Florence Pugh, Mahershala Ali, Viola Davis",Germany,"May 26, 2012",1990,TV-MA,3 Season,Korean TV Shows,A tv show about survival set in Germany.
s1232,TV Show,Iron Memory 1232,Ava DuVernay,,France,"February 21, 2010",1996,TV-PG,1 Seasons,"International Movies, Action & Adventure",A tv show about family set in France.
s1233,Movie,Eternal Memory 1233,Anurag Kashyap,,Italy,"August 08, 2013",2003,G,81 min,Documentaries,A movie about crime set in Italy.
s1234,Movie,Lost Whisper 1234,,"Idris Elba, Tilda Swinton, Shah Rukh Khan",,"August 13, 2008",1996,NR,56 min,Action & Adventure,A movie about crime set in an unnamed place.
s1235,Movie,Hidden Garden 1235,,"Idris Elba, Daniel Kaluuya, Shah Rukh Khan",Canada,"July 20, 2011",2005,PG-13,130 min,"Sci-Fi & Fantasy, Crime TV Shows",A movie about crime set in Canada.
s1236,Movie,Silent Legacy 1236,Greta Gerwig,"Tom Hardy, Shah Rukh Khan, Saoirse Ronan, Oscar Isaac, Lupita Nyong'o",South Korea,"March 22, 2009",2012,TV-Y7,166 min,"Horror Movies, Children & Family Movies, Reality TV",A movie about power set in South Korea.
s1237,Movie,Silent Code 1237,Bong Joon-ho,"Tilda Swinton, Mahershala Ali",Italy,"January 24, 2017",2013,NR,61 min,"British TV Shows, TV Comedies",A movie about crime set in Italy.
s1238,Movie,Crimson Project 1238,Martin Scorsese,"Riz Ahmed, Saoirse Ronan, Viola Davis, Zendaya, Deepika Padukone",Brazil,"January 25, 2017",2013,TV-Y7,114 min,"Stand-Up Comedy, Crime TV Shows",A movie about power set in Brazil.
s1239,Movie,Crimson Legacy 1239,Ava DuVernay,"Saoirse Ronan, Florence Pugh, Tilda Swinton, Zendaya, Oscar Isaac",Australia,"June 16, 2011",2008,TV-Y,171 min,"Documentaries, Sci-Fi & Fantasy, Action & Adventure",A movie about family set in Australia.
s1240,Movie,Silent Hour 1240,Park Chan-wook,"Penelope Cruz, Mahershala Ali, Tilda Swinton, Lupita Nyong'o, Song Kang-ho",South Korea,"June 05, 2014",2016,G,154 min,Independent Movies,A movie about love set in South Korea.
s1241,Movie,Midnight Shadow 1241,Anurag Kashyap,"Deepika Padukone, Oscar Isaac, Zendaya, Florence Pugh, Lupita Nyong'o",United Kingdom,"December 13, 2015",2004,G,66 min,TV Comedies,A movie about identity set in United Kingdom.
s1242,Movie,Golden Heart 1242,,"Penelope Cruz, Deepika Padukone, Shah Rukh Khan, Daniel Kaluuya, Tom Hardy",Japan,"February 03, 2008",1996,NR,153 min,"Reality TV, Dramas",A movie about identity set in Japan.
s1243,TV Show,Broken Memory 1243,Bong Joon-ho,"Oscar Isaac, Penelope Cruz",Philippines,"November 30, 2017",2015,PG-13,3 Seasons,"Romantic Movies, TV Comedies, Sci-Fi & Fantasy",A tv show about family set in Philippines.
s1244,TV Show,Crimson City 1244,Mira Nair,"Oscar Isaac, Tom Hardy, Song Kang-ho",Philippines,"October 16, 2009",1997,TV-Y,7 Seasons,"Anime Series, Comedies, Stand-Up Comedy",A tv show about survival set in Philippines.
s1245,TV Show,Lost Shadow 1245,Pedro Almodovar,"Deepika Padukone, Oscar Isaac, Viola Davis, Tom Hardy",Italy,"November 06, 2015",1991,R,5 Seasons,Comedies,A tv show about crime set in Italy.
s1246,Movie,Hidden Storm 1246,,"Daniel Kaluuya, Tilda Swinton, Florence Pugh, Song Kang-ho, Zendaya",Canada,"August 19, 2020",2006,TV-MA,63 min,"British TV Shows, Thrillers",A movie about love set in Canada.
s1247,Movie,Hidden City 1247,Christopher Nolan,"Shah Rukh Khan, Florence Pugh, Tom Hardy, Riz Ahmed",Japan,"November 12, 2008",1999,TV-Y,151 min,TV Comedies,A movie about identity set in Japan.
s1248,TV Show,Golden Kingdom 1248,Mira Nair,,Canada,"July 01, 2012",2006,PG,5 Seasons,International Movies,A tv show about crime set in Canada.
s1249,Movie,Midnight Shadow 1249,,"Daniel Kaluuya, Riz Ahmed",Philippines,"March 10, 2020",2014,PG,168 min,Comedies,A movie about survival set in Philippines.
s1250,Movie,Bright Promise 1250,Christopher Nolan,"Tom Hardy, Shah Rukh Khan, Saoirse Ronan, Deepika Padukone",United States,"September 06, 2019",1995,TV-14,78 min,"Anime Series, Sci-Fi & Fantasy, Crime TV Shows",A movie about crime set in United States.
s1251,TV Show,Bright Memory 1251,,"Riz Ahmed, Deepika Padukone, Daniel Kaluuya",Argentina,"August 12, 2017",2002,R,9 Seasons,International Movies,A tv show about power set in Argentina.
s1252,Movie,Velvet Kingdom 1252,Hayao Miyazaki,"Idris Elba, Song Kang-ho, Tilda Swinton, Shah Rukh Khan",Mexico,"September 15, 2009",2005,PG,100 min,"International Movies, Stand-Up Comedy",A movie about identity set in Mexico.
s1253,Movie,Iron Promise 1253,Hayao Miyazaki,"Tilda Swinton, Shah Rukh Khan, Idris Elba, Zendaya",Argentina,"September 06, 2009",1990,PG,117 min,"Comedies, Anime Series",A movie about identity set in Argentina.
s1254,Movie,Golden Code 1254,Pedro Almodovar,"Riz Ahmed, Penelope Cruz, Oscar Isaac, Saoirse Ronan",Indonesia,"April 23, 2009",1991,NR,132 min,"Anime Series, TV Dramas",A movie about power set in Indonesia.
s1255,TV Show,Crimson Whisper 1255,Pedro Almodovar,"Idris Elba, Deepika Padukone, Tilda Swinton",Egypt,"January 24, 2017",1998,PG,7 Season,"TV Comedies, Dramas",A tv show about survival set in Egypt.
s1256,Movie,Lost Kingdom 1256,Park Chan-wook,"Deepika Padukone, Tom Hardy",Italy,"June 10, 2017",2001,G,158 min,Dramas,A movie about love set in Italy.
s1257,TV Show,Dark Shadow 1257,Mira Nair,,Canada,"January 11, 2020",1999,,7 Season,"Action & Adventure, Music & Musicals, TV Dramas",A tv show about power set in Canada.
s1258,Movie,Crimson Promise 1258,Anurag Kashyap,"Oscar Isaac, Tom Hardy, Lupita Nyong'o",Australia,"October 19, 2019",2002,NR,196 min,"Sci-Fi & Fantasy, International Movies, Dramas",A movie about family set in Australia.
s1259,Movie,Golden Truth 1259,Spike Lee,"Deepika Padukone, Idris Elba",Canada,"July 10, 2013",2012,PG,94 min,"Anime Series, Documentaries",A movie about crime set in Canada.
s1260,TV Show,Frozen Code 1260,,"Oscar Isaac, Viola Davis, Tilda Swinton, Mahershala Ali, Riz Ahmed",Argentina,"December 01, 2008",2019,TV-MA,3 Seasons,Comedies,A tv show about love set in Argentina.
s1261,TV Show,Midnight Code 1261,Ava DuVernay,"Oscar Isaac, Viola Davis, Daniel Kaluuya",France,"June 14, 2019",1996,PG-13,5 Seasons,"Anime Series, Sci-Fi & Fantasy",A tv show about power set in France.
s1262,TV Show,Silent Legacy 1262,,,China,"January 03, 2013",1991,PG,8 Seasons,"Dramas, Horror Movies, Anime Series",A tv show about identity set in China.
s1263,Movie,Midnight Hour 1263,,"Lupita Nyong'o, Zendaya, Song Kang-ho, Mahershala Ali, Penelope Cruz",United States,"June 12, 2015",2010,TV-Y7,140 min,"Independent Movies, Sci-Fi & Fantasy, Dramas",A movie about identity set in United States.
s1264,TV Show,Silent Code 1264,Martin Scorsese,"Viola Davis, Mahershala Ali, Saoirse Ronan, Idris Elba, Shah Rukh Khan",China,"June 17, 2016",1994,TV-Y,6 Seasons,Horror Movies,A tv show about survival set in China.
s1265,TV Show,Eternal Heart 1265,Christopher Nolan,"Zendaya, Penelope Cruz, Viola Davis",Turkey,"July 20, 2009",2009,G,1 Season,Dramas,A tv show about identity set in Turkey.
s1266,Movie,Wild Memory 1266,Mira Nair,"Oscar Isaac, Saoirse Ronan, Zendaya, Deepika Padukone, Florence Pugh",Japan,"March 15, 2008",2008,R,81 min,"Romantic Movies, Thrillers",A movie about family set in Japan.
s1267,Movie,Sacred Empire 1267,Spike Lee,"Song Kang-ho, Mahershala Ali, Idris Elba, Riz Ahmed",Italy,"May 07, 2015",2011,PG-13,194 min,TV Comedies,A movie about crime set in Italy.
s1268,TV Show,Velvet Truth 1268,Anurag Kashyap,"Zendaya, Tom Hardy, Song Kang-ho, Florence Pugh",France,"July 31, 2015",2008,R,2 Season,"Documentaries, Korean TV Shows, TV Comedies",A tv show about crime set in France.
s1269,Movie,Lost City 1269,Mira Nair,"Shah Rukh Khan, Deepika Padukone, Daniel Kaluuya",Mexico,"June 18, 2021",1998,TV-MA,122 min,Stand-Up Comedy,A movie about survival set in Mexico.
s1270,Movie,Sacred Promise 1270,Denis Villeneuve,"Florence Pugh, Penelope Cruz, Oscar Isaac",United States,"October 30, 2010",2012,R,76 min,Independent Movies,A movie about crime set in United States.
s1271,Movie,Hidden Legacy 1271,Denis Villeneuve,,Turkey,"February 13, 2021",1993,R,107 min,TV Dramas,A movie about identity set in Turkey.
s1272,Movie,Velvet Heart 1272,,,,,2011,TV-Y,82 min,Crime TV Shows,A movie about survival set in an unnamed place.
s1273,TV Show,Iron Storm 1273,Christopher Nolan,"Mahershala Ali, Oscar Isaac, Saoirse Ronan, Tom Hardy",Philippines,"March 14, 2011",2004,,6 Seasons,Documentaries,A tv show about power set in Philippines.
s1274,Movie,Broken Hour 1274,Spike Lee,"Oscar Isaac, Idris Elba",Egypt,"June 30, 2013",2018,,75 min,"Sci-Fi & Fantasy, TV Dramas, Thrillers",A movie about power set in Egypt.
s1275,Movie,Bright Kingdom 1275,Park Chan-wook,"Riz Ahmed, Penelope Cruz, Mahershala Ali, Zendaya, Idris Elba",,"July 24, 2018",2016,TV-MA,192 min,Reality TV,A movie about love set in an unnamed place.
s1276,TV Show,Iron Whisper 1276,Martin Scorsese,"Viola Davis, Shah Rukh Khan",United Kingdom,"October 06, 2016",2020,TV-Y7,1 Season,"Stand-Up Comedy, Thrillers",A tv show about family set in United Kingdom.
s1277,Movie,Silent Garden 1277,Christopher Nolan,"Shah Rukh Khan, Riz Ahmed, Daniel Kaluuya",Nigeria,"July 01, 2019",2013,TV-Y7,66 min,Sci-Fi & Fantasy,A movie about crime set in Nigeria.
s1278,Movie,Crimson Empire 1278,,"Zendaya, Riz Ahmed, Idris Elba",Spain,"January 24, 2020",1999,TV-14,98 min,Children & Family Movies,A movie about survival set in Spain.
s1279,Movie,Iron Hour 1279,Hayao Miyazaki,"Saoirse Ronan, Deepika Padukone, Florence Pugh",Germany,"June 02, 2020",2002,TV-Y7,150 min,"Independent Movies, Comedies",A movie about family set in Germany.
s1280,TV Show,Bright Legacy 1280,,,United States,"December 02, 2015",2000,TV-Y,5 Season,"Horror Movies, TV Dramas",A tv show about love set in United States.
s1281,TV Show,Wild Promise 1281,Denis Villeneuve,"Deepika Padukone, Daniel Kaluuya, Riz Ahmed",Italy,"August 27, 2016",2020,PG-13,9 Seasons,"Independent Movies, Stand-Up Comedy",A tv show about crime set in Italy.
s1282,Movie,Dark Truth 1282,Ava DuVernay,"Tom Hardy, Saoirse Ronan",France,"April 08, 2017",1998,TV-Y,128 min,"Reality TV, Crime TV Shows",A movie about love set in France.
s1283,Movie,Iron Empire 1283,Anurag Kashyap,"Daniel Kaluuya, Shah Rukh Khan, Oscar Isaac, Song Kang-ho, Mahershala Ali",United States,"February 07, 2021",2003,PG-13,80 min,Documentaries,A movie about identity set in United States.
s1284,Movie,Broken Project 1284,Denis Villeneuve,"Saoirse Ronan, Florence Pugh, Song Kang-ho",Argentina,"February 21, 2008",2008,TV-Y7,190 min,"Documentaries, TV Dramas",A movie about love set in Argentina.
s1285,TV Show,Hidden Memory 1285,Spike Lee,,Indonesia,"February 05, 2010",2008,TV-PG,4 Season,"Documentaries, International Movies, Children & Family Movies",A tv show about family set in Indonesia.
s1286,Movie,Bright Shadow 1286,Ava DuVernay,"Penelope Cruz, Daniel Kaluuya, Tilda Swinton, Song Kang-ho, Riz Ahmed",Nigeria,"February 05, 2008",1997,TV-PG,83 min,International Movies,A movie about power set in Nigeria.
s1287,Movie,Hidden Legacy 1287,Anurag Kashyap,"Penelope Cruz, Song Kang-ho, Florence Pugh, Zendaya",Egypt,"July 18, 2016",1991,G,87 min,"Reality TV, TV Comedies, British TV Shows",A movie about power set in Egypt.
s1288,TV Show,Midnight Memory 1288,,,Germany,"June 01, 2014",2017,NR,3 Season,"Stand-Up Comedy, Children & Family Movies",A tv show about identity set in Germany.
s1289,TV Show,Lost Kingdom 1289,Anurag Kashyap,"Shah Rukh Khan, Zendaya, Oscar Isaac, Song Kang-ho",United States,"June 11, 2015",2008,TV-Y7,6 Seasons,"International Movies, Reality TV, Music & Musicals",A tv show about crime set in United States.
s1290,TV Show,Golden Legacy 1290,Ava DuVernay,"Lupita Nyong'o, Tilda Swinton, Viola Davis, Tom Hardy",Germany,"October 26, 2015",2015,G,6 Season,Crime TV Shows,A tv show about crime set in Germany.
s1291,Movie,Iron Kingdom 1291,Park Chan-wook,"Zendaya, Idris Elba, Daniel Kaluuya, Lupita Nyong'o",,"April 08, 2008",1996,G,126 min,"Sci-Fi & Fantasy, Anime Series",A movie about love set in an unnamed place.
s1292,Movie,Dark Heart 1292,Martin Scorsese,,India,"May 17, 2018",1996,NR,179 min,"Reality TV, Thrillers, British TV Shows",A movie about power set in India.
s1293,Movie,Midnight Kingdom 1293,Hayao Miyazaki,"Song Kang-ho, Viola Davis, Oscar Isaac, Riz Ahmed, Deepika Padukone",Italy,"December 27, 2020",2002,TV-PG,150 min,British TV Shows,A movie about love set in Italy.
s1294,TV Show,Dark Empire 1294,Pedro Almodovar,"Lupita Nyong'o, Idris Elba, Tilda Swinton",Philippines,"May 04, 2015",2018,G,6 Season,Horror Movies,A tv show about identity set in Philippines.
s1295,Movie,Sacred Truth 1295,Greta Gerwig,"Saoirse Ronan, Viola Davis, Deepika Padukone, Florence Pugh, Mahershala Ali",China,"May 29, 2015",2007,TV-Y,185 min,"Music & Musicals, Thrillers",A movie about love set in China.
s1296,TV Show,Sacred Garden 1296,,"Penelope Cruz, Shah Rukh Khan, Riz Ahmed, Deepika Padukone",Italy,"July 24, 2020",2004,TV-14,6 Seasons,"International Movies, Romantic Movies, Crime TV Shows",A tv show about crime set in Italy.
s1297,TV Show,Eternal Storm 1297,Bong Joon-ho,,South Korea,"March 03, 2008",2020,TV-MA,8 Seasons,Reality TV,A tv show about power set in South Korea.
s1298,TV Show,Wild Truth 1298,Spike Lee,"Song Kang-ho, Zendaya",Mexico,"November 16, 2010",2020,TV-Y,4 Season,"International Movies, Dramas, Anime Series",A tv show about love set in Mexico.
s1299,Movie,Lost Project 1299,,"Penelope Cruz, Saoirse Ronan, Tilda Swinton",South Korea,"February 28, 2009",2012,TV-Y7,159 min,"Action & Adventure, Stand-Up Comedy",A movie about love set in South Korea.
s1300,Movie,Velvet Hour 1300,Hayao Miyazaki,"Mahershala Ali, Florence Pugh, Penelope Cruz, Riz Ahmed, Deepika Padukone",India,"June 20, 2016",2005,PG-13,49 min,Music & Musicals,A movie about power set in India.
s1301,Movie,Silent City 1301,Greta Gerwig,"Mahershala Ali, Song Kang-ho, Florence Pugh, Deepika Padukone, Oscar Isaac",Japan,"December 23, 2009",1994,R,48 min,"Dramas, TV Dramas",A movie about power set in Japan.
s1302,Movie,Iron Garden 1302,Christopher Nolan,"Shah Rukh Khan, Zendaya",India,"February 26, 2010",1992,TV-PG,152 min,Dramas,A movie about identity set in India.
s1303,Movie,Broken Whisper 1303,Ava DuVernay,"Zendaya, Daniel Kaluuya, Idris Elba, Oscar Isaac",China,"July 23, 2012",2004,G,173 min,"Thrillers, TV Dramas, British TV Shows",A movie about love set in China.
s1304,Movie,Midnight Storm 1304,Spike Lee,"Florence Pugh, Song Kang-ho, Mahershala Ali, Lupita Nyong'o",Italy,"May 20, 2013",1999,R,68 min,"Documentaries, Stand-Up Comedy",A movie about survival set in Italy.
s1305,Movie,Sacred Legacy 1305,,"Lupita Nyong'o, Riz Ahmed, Oscar Isaac, Shah Rukh Khan",Argentina,"July 04, 2014",1990,TV-MA,81 min,Reality TV,A movie about survival set in Argentina.
s1306,Movie,Midnight Storm 1306,Hayao Miyazaki,"Shah Rukh Khan, Oscar Isaac, Tom Hardy, Lupita Nyong'o",Germany,"March 19, 2011",2021,TV-Y,96 min,"International Movies, Thrillers, Horror Movies",A movie about family set in Germany.
s1307,TV Show,Dark Hour 1307,Hayao Miyazaki,"Tom Hardy, Viola Davis, Daniel Kaluuya",,"March 05, 2009",2005,TV-Y7,9 Season,Sci-Fi & Fantasy,A tv show about identity set in an unnamed place.
s1308,TV Show,Silent Legacy 1308,Bong Joon-ho,"Shah Rukh Khan, Idris Elba, Lupita Nyong'o, Oscar Isaac",Indonesia,"December 10, 2021",2004,PG-13,4 Seasons,"Stand-Up Comedy, Comedies",A tv show about crime set in Indonesia.
s1309,TV Show,Broken Promise 1309,Park Chan-wook,,United Kingdom,"January 28, 2011",2017,PG,5 Seasons,"Children & Family Movies, Anime Series, Dramas",A tv show about family set in United Kingdom.
s1310,TV Show,Crimson Kingdom 1310,Christopher Nolan,,China,"June 26, 2013",1990,TV-Y,8 Seasons,"Anime Series, Korean TV Shows, Sci-Fi & Fantasy",A tv show about crime set in China.
s1311,Movie,Velvet Kingdom 1311,Anurag Kashyap,"Daniel Kaluuya, Penelope Cruz, Mahershala Ali",United States,"April 30, 2010",2015,TV-Y,167 min,"Action & Adventure, Korean TV Shows, British TV Shows",A movie about survival set in United States.
s1312,Movie,Bright Promise 1312,Pedro Almodovar,"Riz Ahmed, Zendaya, Song Kang-ho",Nigeria,"January 07, 2016",1991,TV-Y,86 min,"TV Comedies, Romantic Movies",A movie about identity set in Nigeria.
s1313,Movie,Broken Shadow 1313,Pedro Almodovar,"Penelope Cruz, Deepika Padukone",United Kingdom,"April 15, 2015",2000,NR,182 min,"Dramas, Anime Series, Sci-Fi & Fantasy",A movie about identity set in United Kingdom.
s1314,Movie,Sacred Whisper 1314,Christopher Nolan,"Daniel Kaluuya, Deepika Padukone, Zendaya, Shah Rukh Khan",Indonesia,"July 11, 2016",2008,R,187 min,"Reality TV, Dramas",A movie about family set in Indonesia.
s1315,Movie,Midnight City 1315,Greta Gerwig,"Song Kang-ho, Zendaya, Florence Pugh, Penelope Cruz, Idris Elba",Philippines,"July 27, 2009",1998,PG,146 min,"Comedies, Reality TV",A movie about identity set in Philippines.
s1316,Movie,Iron Kingdom 1316,Greta Gerwig,"Viola Davis, Riz Ahmed",India,,2001,NR,91 min,"Anime Series, Reality TV, British TV Shows",A movie about family set in India.
s1317,Movie,Lost Hour 1317,,,South Korea,,1996,TV-PG,132 min,"Dramas, Comedies, Korean TV Shows",A movie about survival set in South Korea.
s1318,TV Show,Lost Heart 1318,Mira Nair,"Florence Pugh, Tilda Swinton",Brazil,"January 24, 2012",2000,R,7 Seasons,Reality TV,A tv show about love set in Brazil.
s1319,Movie,Bright Empire 1319,,"Tom Hardy, Shah Rukh Khan, Florence Pugh",Japan,"July 01, 2017",1998,NR,160 min,"Horror Movies, British TV Shows",A movie about power set in Japan.
s1320,Movie,Lost Memory 1320,Spike Lee,"Lupita Nyong'o, Saoirse Ronan",Indonesia,"February 24, 2017",2021,TV-Y,183 min,"Thrillers, TV Dramas",A movie about power set in Indonesia.
s1321,Movie,Eternal Garden 1321,Ava DuVernay,,Turkey,"January 12, 2020",2016,G,95 min,"Children & Family Movies, Korean TV Shows, Thrillers",A movie about family set in Turkey.
s1322,Movie,Dark Garden 1322,Denis Villeneuve,"Idris Elba, Riz Ahmed, Penelope Cruz, Deepika Padukone, Song Kang-ho",Italy,"August 11, 2019",2010,TV-MA,162 min,"TV Dramas, Korean TV Shows",A movie about survival set in Italy.
s1323,Movie,Frozen City 1323,Bong Joon-ho,"Penelope Cruz, Tilda Swinton, Riz Ahmed, Zendaya, Saoirse Ronan",Turkey,"July 25, 2015",1992,PG-13,126 min,TV Dramas,A movie about power set in Turkey.
s1324,Movie,Silent Legacy 1324,Spike Lee,"Viola Davis, Deepika Padukone",Japan,"July 14, 2021",2002,TV-Y7,159 min,British TV Shows,A movie about crime set in Japan.
s1325,TV Show,Velvet Whisper 1325,Denis Villeneuve,"Deepika Padukone, Lupita Nyong'o",United Kingdom,"July 07, 2015",2012,TV-MA,3 Seasons,"Dramas, Sci-Fi & Fantasy, Crime TV Shows",A tv show about love set in United Kingdom.
s1326,Movie,Frozen Kingdom 1326,Denis Villeneuve,"Saoirse Ronan, Zendaya",Germany,"March 19, 2013",2004,NR,129 min,Comedies,A movie about power set in Germany.
s1327,TV Show,Midnight Kingdom 1327,,"Lupita Nyong'o, Riz Ahmed",Brazil,"May 02, 2018",2006,TV-Y,7 Seasons,"TV Dramas, Action & Adventure, International Movies",A tv show about identity set in Brazil.
s1328,Movie,Crimson Legacy 1328,,"Mahershala Ali, Saoirse Ronan, Idris Elba, Viola Davis",Turkey,"July 15, 2021",1995,PG,69 min,British TV Shows,A movie about power set in Turkey.
s1329,TV Show,Hidden Whisper 1329,Denis Villeneuve,"Zendaya, Mahershala Ali, Tom Hardy",Turkey,"March 07, 2012",1996,R,4 Seasons,"Action & Adventure, Documentaries",A tv show about love set in Turkey.
s1330,Movie,Dark Heart 1330,Hayao Miyazaki,"Riz Ahmed, Saoirse Ronan, Viola Davis",Turkey,,2006,G,158 min,"Romantic Movies, Dramas",A movie about identity set in Turkey.
s1331,Movie,Lost Shadow 1331,Christopher Nolan,"Deepika Padukone, Tom Hardy, Florence Pugh, Song Kang-ho, Oscar Isaac",United Kingdom,"January 30, 2019",1993,TV-MA,129 min,"Music & Musicals, Independent Movies, Reality TV",A movie about crime set in United Kingdom.
s1332,TV Show,Silent City 1332,Ava DuVernay,"Song Kang-ho, Shah Rukh Khan, Florence Pugh",Spain,"November 29, 2019",1992,PG,2 Seasons,"Documentaries, International Movies, Music & Musicals",A tv show about family set in Spain.
s1333,Movie,Crimson Shadow 1333,Martin Scorsese,"Idris Elba, Florence Pugh, Mahershala Ali",Spain,"July 28, 2018",2013,TV-Y7,141 min,"Romantic Movies, Comedies",A movie about love set in Spain.
s1334,TV Show,Hidden Code 1334,,"Penelope Cruz, Zendaya, Viola Davis, Lupita Nyong'o",South Korea,"July 30, 2013",2017,PG,4 Seasons,International Movies,A tv show about power set in South Korea.
s1335,Movie,Silent Hour 1335,Spike Lee,"Tilda Swinton, Tom Hardy",Philippines,"June 28, 2018",1998,PG,61 min,"Thrillers, Romantic Movies",A movie about identity set in Philippines.
s1336,Movie,Broken Promise 1336,Christopher Nolan,"Deepika Padukone, Riz Ahmed, Oscar Isaac, Shah Rukh Khan, Florence Pugh",China,"September 20, 2020",1994,TV-Y7,100 min,"Anime Series, Stand-Up Comedy, British TV Shows",A movie about love set in China.
s1337,TV Show,Eternal Promise 1337,Park Chan-wook,"Zendaya, Tilda Swinton",Indonesia,"October 25, 2009",2013,TV-MA,5 Season,Dramas,A tv show about crime set in Indonesia.
s1338,Movie,Sacred Hour 1338,Pedro Almodovar,"Viola Davis, Zendaya, Song Kang-ho, Mahershala Ali, Saoirse Ronan",India,"February 03, 2015",2015,TV-Y,57 min,International Movies,A movie about family set in India.
s1339,Movie,Sacred Memory 1339,Greta Gerwig,"Mahershala Ali, Saoirse Ronan, Tilda Swinton, Viola Davis, Lupita Nyong'o",France,"July 05, 2017",1996,R,185 min,"Documentaries, Anime Series, Romantic Movies",A movie about love set in France.
s1340,Movie,Sacred Whisper 1340,,"Viola Davis, Daniel Kaluuya, Lupita Nyong'o, Saoirse Ronan, Shah Rukh Khan",Canada,"April 07, 2020",2000,R,89 min,Reality TV,A movie about power set in Canada.
s1341,Movie,Golden Kingdom 1341,Park Chan-wook,"Riz Ahmed, Song Kang-ho",United States,"September 05, 2020",1995,TV-Y7,107 min,"TV Comedies, Dramas, Anime Series",A movie about power set in United States.
s1342,Movie,Golden Storm 1342,Hayao Miyazaki,"Viola Davis, Tom Hardy",United Kingdom,"March 27, 2010",1993,TV-MA,161 min,Stand-Up Comedy,A movie about crime set in United Kingdom.
s1343,Movie,Eternal Project 1343,Park Chan-wook,"Song Kang-ho, Shah Rukh Khan, Daniel Kaluuya, Deepika Padukone",,"June 21, 2010",1995,PG-13,137 min,"TV Dramas, Stand-Up Comedy",A movie about identity set in an unnamed place.
s1344,Movie,Velvet Shadow 1344,Hayao Miyazaki,"Zendaya, Penelope Cruz, Deepika Padukone",,"August 10, 2010",2016,TV-Y,106 min,"TV Dramas, TV Comedies, Action & Adventure",A movie about crime set in an unnamed place.
s1345,TV Show,Sacred Project 1345,Spike Lee,"Mahershala Ali, Idris Elba",Egypt,"March 18, 2020",2020,TV-MA,3 Seasons,Sci-Fi & Fantasy,A tv show about power set in Egypt.
s1346,Movie,Midnight Storm 1346,Hayao Miyazaki,"Daniel Kaluuya, Penelope Cruz, Song Kang-ho",United States,"June 23, 2010",1994,TV-Y,69 min,"Sci-Fi & Fantasy, Romantic Movies, Action & Adventure",A movie about family set in United States.
s1347,Movie,Frozen Garden 1347,,"Penelope Cruz, Zendaya, Daniel Kaluuya, Saoirse Ronan, Deepika Padukone",,"January 09, 2015",2014,NR,144 min,"Korean TV Shows, British TV Shows, Dramas",A movie about crime set in an unnamed place.
s1348,Movie,Frozen Truth 1348,Martin Scorsese,,Argentina,"February 09, 2013",2015,TV-14,133 min,"Romantic Movies, Documentaries, Action & Adventure",A movie about power set in Argentina.
s1349,Movie,Wild City 1349,,"Lupita Nyong'o, Viola Davis, Tom Hardy",India,"April 04, 2011",1996,TV-Y7,88 min,Korean TV Shows,A movie about crime set in India.
s1350,Movie,Midnight Legacy 1350,,,Philippines,"December 24, 2016",1993,TV-Y7,130 min,"Anime Series, Korean TV Shows, Independent Movies",A movie about power set in Philippines.
s1351,Movie,Velvet Heart 1351,Mira Nair,"Tilda Swinton, Shah Rukh Khan",France,"October 14, 2010",1997,TV-Y,130 min,"TV Dramas, Korean TV Shows",A movie about power set in France.
s1352,Movie,Velvet Legacy 1352,Martin Scorsese,"Penelope Cruz, Tilda Swinton, Florence Pugh, Zendaya, Mahershala Ali",Spain,"February 23, 2017",2002,TV-PG,197 min,"TV Dramas, Music & Musicals",A movie about survival set in Spain.
s1353,TV Show,Golden Project 1353,Christopher Nolan,"Riz Ahmed, Song Kang-ho, Deepika Padukone, Lupita Nyong'o",United Kingdom,"September 26, 2012",1993,TV-PG,1 Season,Dramas,A tv show about survival set in United Kingdom.
s1354,Movie,Wild Whisper 1354,,"Song Kang-ho, Penelope Cruz, Daniel Kaluuya",South Korea,"September 14, 2010",2005,NR,179 min,"Children & Family Movies, Independent Movies",A movie about love set in South Korea.
s1355,TV Show,Lost Storm 1355,Martin Scorsese,"Mahershala Ali, Daniel Kaluuya, Saoirse Ronan",Australia,"August 31, 2015",2016,R,9 Seasons,Documentaries,A tv show about survival set in Australia.
s1356,TV Show,Golden Garden 1356,Anurag Kashyap,"Tilda Swinton, Viola Davis, Deepika Padukone, Florence Pugh",Indonesia,"February 18, 2012",2010,TV-14,5 Seasons,"Romantic Movies, Action & Adventure",A tv show about power set in Indonesia.
s1357,TV Show,Golden Garden 1357,Martin Scorsese,"Deepika Padukone, Oscar Isaac, Zendaya, Saoirse Ronan, Idris Elba",South Korea,"June 11, 2020",2006,TV-14,6 Season,Music & Musicals,A tv show about crime set in South Korea.
s1358,Movie,Sacred Truth 1358,Hayao Miyazaki,"Viola Davis, Tilda Swinton, Oscar Isaac, Penelope Cruz",Mexico,"December 28, 2020",2019,PG-13,53 min,"Music & Musicals, Romantic Movies, Action & Adventure",A movie about survival set in Mexico.
s1359,Movie,Sacred City 1359,,"Riz Ahmed, Penelope Cruz",United Kingdom,"November 02, 2012",2020,TV-Y,160 min,British TV Shows,A movie about power set in United Kingdom.
s1360,Movie,Wild Hour 1360,,"Idris Elba, Saoirse Ronan",Japan,"January 23, 2014",1996,G,103 min,Stand-Up Comedy,A movie about power set in Japan.
s1361,TV Show,Silent Memory 1361,,"Song Kang-ho, Zendaya",Mexico,"October 09, 2011",2008,G,5 Season,"Dramas, Romantic Movies, Children & Family Movies",A tv show about crime set in Mexico.
s1362,TV Show,Sacred Whisper 1362,,"Riz Ahmed, Idris Elba, Mahershala Ali, Viola Davis, Florence Pugh",Nigeria,"June 17, 2009",2011,PG-13,1 Seasons,"Sci-Fi & Fantasy, Action & Adventure, Music & Musicals",A tv show about survival set in Nigeria.
s1363,Movie,Velvet Legacy 1363,Christopher Nolan,"Viola Davis, Idris Elba, Saoirse Ronan, Tilda Swinton, Shah Rukh Khan",Australia,"December 26, 2021",1993,TV-PG,143 min,Comedies,A movie about love set in Australia.
s1364,Movie,Eternal Shadow 1364,Greta Gerwig,"Viola Davis, Tilda Swinton, Shah Rukh Khan",Italy,"September 15, 2017",2017,TV-PG,190 min,"Horror Movies, Music & Musicals",A movie about identity set in Italy.
s1365,Movie,Velvet Storm 1365,,,South Korea,"May 13, 2008",2004,PG-13,77 min,"Documentaries, Sci-Fi & Fantasy",A movie about love set in South Korea.
s1366,Movie,Iron Promise 1366,Bong Joon-ho,"Penelope Cruz, Florence Pugh, Saoirse Ronan",China,"May 04, 2013",2006,PG,71 min,"Korean TV Shows, TV Comedies, Stand-Up Comedy",A movie about identity set in China.
s1367,Movie,Lost Legacy 1367,Denis Villeneuve,"Oscar Isaac, Song Kang-ho, Mahershala Ali",Italy,"December 30, 2010",2011,TV-Y7,113 min,Crime TV Shows,A movie about love set in Italy.
s1368,Movie,Eternal Promise 1368,Pedro Almodovar,"Lupita Nyong'o, Zendaya, Deepika Padukone, Tilda Swinton",Spain,"July 27, 2021",2017,R,127 min,"Action & Adventure, British TV Shows, TV Comedies",A movie about family set in Spain.
s1369,Movie,Wild Kingdom 1369,Pedro Almodovar,"Tilda Swinton, Saoirse Ronan",Nigeria,"October 04, 2012",2007,NR,147 min,"TV Comedies, Korean TV Shows, Stand-Up Comedy",A movie about survival set in Nigeria.
s1370,Movie,Frozen Code 1370,Spike Lee,,Egypt,"July 01, 2008",2017,TV-14,111 min,"Anime Series, Comedies, Independent Movies",A movie about love set in Egypt.
s1371,TV Show,Crimson Truth 1371,Ava DuVernay,"Song Kang-ho, Idris Elba, Penelope Cruz, Deepika Padukone, Zendaya",Australia,,2011,G,7 Seasons,"Action & Adventure, TV Comedies, British TV Shows",A tv show about power set in Australia.
s1372,Movie,Velvet City 1372,Anurag Kashyap,"Mahershala Ali, Oscar Isaac, Tilda Swinton",Philippines,"June 01, 2008",2007,TV-MA,130 min,"Stand-Up Comedy, Independent Movies",A movie about crime set in Philippines.
s1373,Movie,Hidden Empire 1373,,"Idris Elba, Florence Pugh, Lupita Nyong'o, Penelope Cruz",,"January 17, 2020",2000,TV-Y7,76 min,"International Movies, Documentaries",A movie about family set in an unnamed place.
s1374,Movie,Dark Hour 1374,Pedro Almodovar,"Riz Ahmed, Mahershala Ali, Shah Rukh Khan, Florence Pugh, Penelope Cruz",Mexico,"August 07, 2009",2016,R,177 min,"Sci-Fi & Fantasy, Independent Movies, Horror Movies",A movie about power set in Mexico.
s1375,Movie,Frozen Project 1375,,"Mahershala Ali, Song Kang-ho, Tom Hardy, Daniel Kaluuya",United States,"March 03, 2011",2018,TV-Y,198 min,"Comedies, Thrillers",A movie about love set in United States.
s1376,TV Show,Iron City 1376,Denis Villeneuve,"Zendaya, Idris Elba, Lupita Nyong'o, Penelope Cruz, Deepika Padukone",,"May 07, 2015",2016,R,7 Season,"Sci-Fi & Fantasy, Thrillers",A tv show about power set in an unnamed place.
s1377,Movie,Broken Legacy 1377,Hayao Miyazaki,"Deepika Padukone, Viola Davis, Lupita Nyong'o",,"May 26, 2012",2004,TV-Y,67 min,"International Movies, Anime Series",A movie about crime set in an unnamed place.
s1378,TV Show,Bright Heart 1378,Denis Villeneuve,"Idris Elba, Tilda Swinton, Penelope Cruz, Shah Rukh Khan, Riz Ahmed",Italy,"January 09, 2015",1992,G,8 Seasons,"British TV Shows, TV Dramas",A tv show about identity set in Italy.
s1379,Movie,Hidden Hour 1379,,"Saoirse Ronan, Oscar Isaac, Idris Elba, Song Kang-ho",Egypt,"August 13, 2008",2005,TV-Y7,152 min,"British TV Shows, Sci-Fi & Fantasy, Dramas",A movie about family set in Egypt.
s1380,TV Show,Lost Project 1380,Spike Lee,"Zendaya, Idris Elba, Song Kang-ho, Saoirse Ronan",Australia,"August 28, 2012",2003,NR,1 Seasons,"International Movies, Independent Movies, Children & Family Movies",A tv show about power set in Australia.
s1381,Movie,Broken Whisper 1381,Ava DuVernay,"Oscar Isaac, Mahershala Ali, Saoirse Ronan",Nigeria,"June 25, 2015",2017,PG,91 min,Documentaries,A movie about survival set in Nigeria.
s1382,Movie,Lost Hour 1382,Park Chan-wook,"Lupita Nyong'o, Deepika Padukone",,"October 06, 2009",1994,R,123 min,"TV Dramas, Stand-Up Comedy, Comedies",A movie about love set in an unnamed place.
s1383,Movie,Sacred Code 1383,Mira Nair,"Shah Rukh Khan, Viola Davis, Lupita Nyong'o, Zendaya",Australia,"January 16, 2018",2007,TV-14,124 min,"Sci-Fi & Fantasy, British TV Shows, Anime Series",A movie about survival set in Australia.
s1384,TV Show,Frozen Hour 1384,Hayao Miyazaki,"Lupita Nyong'o, Mahershala Ali",Philippines,"August 06, 2016",1999,TV-MA,6 Seasons,"TV Comedies, Crime TV Shows",A tv show about identity set in Philippines.
s1385,Movie,Lost Legacy 1385,Christopher Nolan,"Deepika Padukone, Mahershala Ali, Song Kang-ho",,"March 03, 2012",2021,PG-13,49 min,"Children & Family Movies, British TV Shows",A movie about power set in an unnamed place.
s1386,Movie,Frozen Shadow 1386,,"Viola Davis, Idris Elba, Daniel Kaluuya, Song Kang-ho",China,"September 21, 2008",2009,TV-Y7,107 min,Reality TV,A movie about identity set in China.
s1387,TV Show,Hidden Heart 1387,Pedro Almodovar,"Zendaya, Saoirse Ronan, Riz Ahmed, Daniel Kaluuya",United States,"August 01, 2021",2006,TV-MA,3 Seasons,Korean TV Shows,A tv show about survival set in United States.
s1388,Movie,Dark Whisper 1388,Pedro Almodovar,"Riz Ahmed, Saoirse Ronan, Daniel Kaluuya, Deepika Padukone, Florence Pugh",South Korea,"July 25, 2012",2013,R,47 min,TV Dramas,A movie about identity set in South Korea.
s1389,Movie,Hidden City 1389,Hayao Miyazaki,"Mahershala Ali, Song Kang-ho",Nigeria,"March 06, 2016",2000,TV-Y7,185 min,"Crime TV Shows, Music & Musicals, International Movies",A movie about identity set in Nigeria.
s1390,Movie,Golden City 1390,Christopher Nolan,"Tilda Swinton, Idris Elba, Florence Pugh, Lupita Nyong'o, Viola Davis",Brazil,"December 27, 2011",2003,TV-14,195 min,Sci-Fi & Fantasy,A movie about identity set in Brazil.
s1391,TV Show,Velvet Kingdom 1391,Ava DuVernay,"Penelope Cruz, Lupita Nyong'o",,"August 21, 2016",2002,NR,3 Season,Action & Adventure,A tv show about power set in an unnamed place.
s1392,Movie,Eternal Code 1392,Bong Joon-ho,"Song Kang-ho, Shah Rukh Khan",,"August 04, 2018",2002,TV-14,120 min,"TV Comedies, Comedies, Thrillers",A movie about crime set in an unnamed place.
s1393,Movie,Bright Hour 1393,Bong Joon-ho,"Tilda Swinton, Song Kang-ho",,"November 22, 2014",2008,,157 min,"Comedies, Action & Adventure, International Movies",A movie about identity set in an unnamed place.
s1394,TV Show,Golden Shadow 1394,Pedro Almodovar,"Tilda Swinton, Deepika Padukone, Penelope Cruz, Mahershala Ali",Turkey,"November 07, 2014",2010,PG-13,2 Seasons,"Romantic Movies, Independent Movies, Action & Adventure",A tv show about crime set in Turkey.
s1395,Movie,Velvet Project 1395,Greta Gerwig,"Riz Ahmed, Saoirse Ronan",Indonesia,"April 23, 2010",1991,TV-14,142 min,"TV Comedies, Comedies, Dramas",A movie about love set in Indonesia.
s1396,TV Show,Bright Project 1396,Ava DuVernay,"Idris Elba, Tilda Swinton, Saoirse Ronan",Canada,"March 04, 2011",2016,TV-PG,3 Seasons,"British TV Shows, TV Dramas, TV Comedies",A tv show about crime set in Canada.
s1397,Movie,Broken Project 1397,Hayao Miyazaki,"Penelope Cruz, Tilda Swinton",Philippines,"December 08, 2009",1990,,190 min,Documentaries,A movie about power set in Philippines.
s1398,TV Show,Iron City 1398,Park Chan-wook,"Saoirse Ronan, Lupita Nyong'o, Tilda Swinton",South Korea,"September 06, 2008",1992,TV-Y7,5 Seasons,"British TV Shows, Documentaries, Children & Family Movies",A tv show about crime set in South Korea.
s1399,Movie,Midnight Promise 1399,Christopher Nolan,"Viola Davis, Idris Elba, Tilda Swinton",United States,"April 22, 2011",2015,,142 min,Sci-Fi & Fantasy,A movie about identity set in United States.
s1400,Movie,Sacred City 1400,Greta Gerwig,,Mexico,"November 28, 2013",2018,TV-Y,200 min,"International Movies, Independent Movies",A movie about love set in Mexico.
s1401,Movie,Midnight Hour 1401,Ava DuVernay,"Riz Ahmed, Penelope Cruz, Mahershala Ali, Saoirse Ronan",Canada,"May 21, 2015",2012,TV-PG,101 min,"Reality TV, British TV Shows, Korean TV Shows",A movie about identity set in Canada.
s1402,TV Show,Wild Memory 1402,Denis Villeneuve,"Shah Rukh Khan, Song Kang-ho, Penelope Cruz",India,"November 14, 2010",1998,TV-MA,2 Seasons,"Thrillers, Reality TV, TV Comedies",A tv show about love set in India.
s1403,TV Show,Wild Project 1403,Park Chan-wook,"Tom Hardy, Song Kang-ho",South Korea,"October 01, 2013",2010,G,3 Seasons,"Sci-Fi & Fantasy, Music & Musicals, Comedies",A tv show about identity set in South Korea.
s1404,TV Show,Midnight Storm 1404,Mira Nair,"Deepika Padukone, Saoirse Ronan, Daniel Kaluuya, Shah Rukh Khan",Philippines,"January 31, 2010",2016,TV-MA,6 Seasons,TV Comedies,A tv show about survival set in Philippines.
s1405,Movie,Frozen Storm 1405,Pedro Almodovar,"Tilda Swinton, Penelope Cruz, Mahershala Ali, Daniel Kaluuya, Shah Rukh Khan",Japan,"December 30, 2019",2001,TV-PG,179 min,Reality TV,A movie about love set in Japan.
s1406,TV Show,Midnight Legacy 1406,,"Viola Davis, Penelope Cruz, Lupita Nyong'o",Turkey,"September 07, 2014",2017,TV-Y,8 Seasons,"TV Comedies, Children & Family Movies, Crime TV Shows",A tv show about identity set in Turkey.
s1407,Movie,Hidden Memory 1407,Denis Villeneuve,"Tilda Swinton, Shah Rukh Khan, Viola Davis, Song Kang-ho, Idris Elba",United Kingdom,"March 25, 2015",2012,PG,198 min,"Romantic Movies, Korean TV Shows, British TV Shows",A movie about family set in United Kingdom.
s1408,Movie,Wild Storm 1408,,"Florence Pugh, Tilda Swinton, Shah Rukh Khan, Penelope Cruz",Canada,"August 23, 2010",2021,PG,102 min,"Music & Musicals, Stand-Up Comedy",A movie about family set in Canada.
s1409,TV Show,Midnight Truth 1409,Park Chan-wook,"Florence Pugh, Deepika Padukone",Turkey,"March 06, 2008",1993,R,6 Seasons,International Movies,A tv show about love set in Turkey.
s1410,Movie,Crimson Project 1410,,"Daniel Kaluuya, Tilda Swinton, Zendaya, Shah Rukh Khan",Germany,"October 05, 2019",2007,R,123 min,"Music & Musicals, Romantic Movies, British TV Shows",A movie about survival set in Germany.
s1411,Movie,Lost Code 1411,Greta Gerwig,"Shah Rukh Khan, Florence Pugh",Nigeria,"February 27, 2014",1990,R,121 min,"Dramas, Comedies, Crime TV Shows",A movie about crime set in Nigeria.
s1412,Movie,Crimson Whisper 1412,Pedro Almodovar,"Song Kang-ho, Zendaya, Idris Elba, Riz Ahmed, Saoirse Ronan",United States,"February 19, 2021",1999,TV-MA,156 min,"Children & Family Movies, TV Comedies",A movie about power set in United States.
s1413,TV Show,Wild Promise 1413,,"Florence Pugh, Zendaya, Mahershala Ali",Mexico,"May 30, 2009",1996,TV-PG,9 Seasons,"Stand-Up Comedy, Anime Series",A tv show about power set in Mexico.
s1414,Movie,Iron Promise 1414,Denis Villeneuve,"Shah Rukh Khan, Zendaya, Idris Elba",South Korea,"June 09, 2008",2021,PG,185 min,Comedies,A movie about crime set in South Korea.
s1415,Movie,Broken Storm 1415,,"Daniel Kaluuya, Tilda Swinton, Lupita Nyong'o, Saoirse Ronan, Florence Pugh",United States,"September 02, 2021",1991,PG,66 min,"Independent Movies, Music & Musicals, Action & Adventure",A movie about identity set in United States.
s1416,Movie,Wild Heart 1416,Christopher Nolan,"Oscar Isaac, Viola Davis, Florence Pugh, Saoirse Ronan",Japan,"April 01, 2010",2017,NR,183 min,Korean TV Shows,A movie about power set in Japan.
s1417,TV Show,Frozen Truth 1417,Park Chan-wook,"Zendaya, Deepika Padukone, Penelope Cruz, Idris Elba",Australia,"October 27, 2008",2020,,6 Season,"Children & Family Movies, Thrillers, Sci-Fi & Fantasy",A tv show about crime set in Australia.
s1418,TV Show,Broken Legacy 1418,Spike Lee,"Idris Elba, Shah Rukh Khan, Mahershala Ali, Tom Hardy, Oscar Isaac",Indonesia,"March 16, 2009",2021,R,5 Seasons,"Thrillers, TV Dramas",A tv show about identity set in Indonesia.
s1419,Movie,Midnight Empire 1419,Christopher Nolan,"Lupita Nyong'o, Deepika Padukone, Zendaya, Song Kang-ho",Indonesia,"May 23, 2013",1994,PG-13,182 min,"Documentaries, Romantic Movies",A movie about family set in Indonesia.
s1420,TV Show,Wild Legacy 1420,Greta Gerwig,"Lupita Nyong'o, Tilda Swinton, Mahershala Ali, Zendaya",Canada,"May 17, 2015",2013,NR,6 Season,Reality TV,A tv show about family set in Canada.
s1421,TV Show,Eternal Legacy 1421,,"Daniel Kaluuya, Mahershala Ali, Oscar Isaac, Saoirse Ronan",Brazil,"March 11, 2010",2016,TV-PG,9 Seasons,"Action & Adventure, Thrillers",A tv show about survival set in Brazil.
s1422,Movie,Crimson Memory 1422,Park Chan-wook,"Oscar Isaac, Tom Hardy",Germany,"April 19, 2021",2018,TV-14,110 min,"British TV Shows, Independent Movies, Music & Musicals",A movie about power set in Germany.
s1423,TV Show,Dark Memory 1423,,"Tilda Swinton, Oscar Isaac, Idris Elba, Tom Hardy",South Korea,"May 10, 2014",2013,TV-Y,1 Season,Thrillers,A tv show about identity set in South Korea.
s1424,TV Show,Midnight Empire 1424,,"Viola Davis, Florence Pugh",India,"April 26, 2018",2007,TV-Y7,9 Seasons,"Romantic Movies, Korean TV Shows, Crime TV Shows",A tv show about family set in India.
s1425,Movie,Broken City 1425,Christopher Nolan,"Deepika Padukone, Tilda Swinton, Lupita Nyong'o, Florence Pugh",Philippines,"January 04, 2017",2005,R,154 min,"Horror Movies, TV Dramas",A movie about power set in Philippines.
s1426,TV Show,Golden Legacy 1426,Martin Scorsese,"Saoirse Ronan, Shah Rukh Khan, Lupita Nyong'o, Riz Ahmed, Song Kang-ho",United Kingdom,"March 03, 2013",2012,R,1 Season,International Movies,A tv show about identity set in United Kingdom.
s1427,Movie,Dark Storm 1427,,"Riz Ahmed, Penelope Cruz, Daniel Kaluuya",Spain,"September 25, 2020",2016,TV-14,113 min,"Dramas, Thrillers, Music & Musicals",A movie about power set in Spain.
s1428,Movie,Wild Hour 1428,Denis Villeneuve,"Mahershala Ali, Lupita Nyong'o, Riz Ahmed, Shah Rukh Khan, Penelope Cruz",Nigeria,"September 08, 2015",2001,TV-Y,105 min,"British TV Shows, Independent Movies, Children & Family Movies",A movie about power set in Nigeria.
s1429,TV Show,Midnight Promise 1429,Pedro Almodovar,"Shah Rukh Khan, Florence Pugh",France,"September 23, 2011",1994,TV-PG,6 Seasons,"Comedies, Action & Adventure",A tv show about identity set in France.
s1430,Movie,Iron Legacy 1430,Anurag Kashyap,"Florence Pugh, Daniel Kaluuya, Zendaya, Idris Elba",Germany,"February 13, 2014",2014,R,91 min,"Crime TV Shows, Children & Family Movies",A movie about family set in Germany.
s1431,TV Show,Midnight Legacy 1431,,"Shah Rukh Khan, Song Kang-ho, Penelope Cruz, Deepika Padukone",United States,"March 28, 2011",1993,G,2 Seasons,Anime Series,A tv show about power set in United States.
s1432,Movie,Hidden Truth 1432,,"Daniel Kaluuya, Viola Davis, Saoirse Ronan, Penelope Cruz",Japan,,1994,G,107 min,Horror Movies,A movie about family set in Japan.
s1433,Movie,Lost City 1433,,"Penelope Cruz, Zendaya, Daniel Kaluuya",,,2020,TV-Y,119 min,"British TV Shows, International Movies",A movie about power set in an unnamed place.
s1434,Movie,Broken Hour 1434,Hayao Miyazaki,"Zendaya, Penelope Cruz, Shah Rukh Khan",Brazil,,2016,TV-14,151 min,Action & Adventure,A movie about survival set in Brazil.
s1435,Movie,Hidden Legacy 1435,Pedro Almodovar,"Oscar Isaac, Viola Davis",Philippines,"January 26, 2013",2000,PG-13,129 min,"Children & Family Movies, Stand-Up Comedy",A movie about survival set in Philippines.
s1436,Movie,Velvet Code 1436,,,Spain,"June 16, 2008",2014,PG-13,190 min,Independent Movies,A movie about power set in Spain.
s1437,TV Show,Wild Hour 1437,,"Song Kang-ho, Mahershala Ali, Oscar Isaac, Deepika Padukone",Canada,"May 19, 2016",1996,G,3 Seasons,"Dramas, Anime Series",A tv show about family set in Canada.
s1438,Movie,Eternal City 1438,,"Saoirse Ronan, Florence Pugh, Riz Ahmed, Idris Elba, Shah Rukh Khan",United States,"July 15, 2010",2017,TV-MA,185 min,"Korean TV Shows, Anime Series, TV Dramas",A movie about family set in United States.
s1439,Movie,Silent Project 1439,Mira Nair,"Deepika Padukone, Florence Pugh, Lupita Nyong'o, Saoirse Ronan",Indonesia,"February 04, 2008",2016,R,128 min,British TV Shows,A movie about family set in Indonesia.
s1440,Movie,Hidden Shadow 1440,Ava DuVernay,"Tom Hardy, Zendaya",United Kingdom,"December 25, 2009",1999,R,93 min,Independent Movies,A movie about family set in United Kingdom.
s1441,Movie,Iron Code 1441,Mira Nair,"Tilda Swinton, Florence Pugh, Zendaya",Egypt,"January 21, 2019",1995,TV-MA,94 min,TV Dramas,A movie about survival set in Egypt.
s1442,Movie,Bright Empire 1442,Greta Gerwig,,Italy,,1995,PG-13,183 min,Reality TV,A movie about identity set in Italy.
s1443,Movie,Crimson Heart 1443,Greta Gerwig,"Florence Pugh, Deepika Padukone, Zendaya, Tilda Swinton, Penelope Cruz",United States,"January 12, 2013",2009,NR,161 min,"Horror Movies, Comedies, British TV Shows",A movie about crime set in United States.
s1444,Movie,Crimson Promise 1444,Hayao Miyazaki,"Tilda Swinton, Zendaya, Florence Pugh, Deepika Padukone, Saoirse Ronan",Australia,"January 03, 2008",2009,G,56 min,"Sci-Fi & Fantasy, Anime Series, Thrillers",A movie about love set in Australia.
s1445,Movie,Eternal Shadow 1445,,"Idris Elba, Deepika Padukone, Tom Hardy, Zendaya",Philippines,"January 27, 2016",2009,TV-Y,75 min,Action & Adventure,A movie about love set in Philippines.
s1446,Movie,Velvet Heart 1446,Spike Lee,"Riz Ahmed, Idris Elba, Deepika Padukone, Shah Rukh Khan",Egypt,"September 08, 2016",2003,PG,113 min,"Dramas, Thrillers, Music & Musicals",A movie about identity set in Egypt.
s1447,Movie,Iron Shadow 1447,Denis Villeneuve,"Riz Ahmed, Penelope Cruz",Indonesia,"February 22, 2017",1994,TV-PG,149 min,"British TV Shows, International Movies, Anime Series",A movie about survival set in Indonesia.
s1448,TV Show,Wild Code 1448,Martin Scorsese,"Riz Ahmed, Shah Rukh Khan, Penelope Cruz",Egypt,"December 16, 2017",1994,TV-14,1 Seasons,TV Dramas,A tv show about love set in Egypt.
s1449,Movie,Velvet Shadow 1449,,"Riz Ahmed, Lupita Nyong'o",Japan,"September 05, 2011",2004,R,58 min,Thrillers,A movie about identity set in Japan.
s1450,Movie,Crimson Storm 1450,Martin Scorsese,"Florence Pugh, Oscar Isaac",Germany,"January 19, 2008",2015,TV-PG,93 min,"Anime Series, Reality TV",A movie about survival set in Germany.
s1451,Movie,Silent Code 1451,Anurag Kashyap,"Daniel Kaluuya, Mahershala Ali, Riz Ahmed",,"December 10, 2013",2006,G,131 min,"Reality TV, British TV Shows",A movie about family set in an unnamed place.
s1452,Movie,Midnight Code 1452,Pedro Almodovar,"Idris Elba, Daniel Kaluuya, Zendaya, Saoirse Ronan",Nigeria,"April 08, 2015",2005,TV-Y,122 min,TV Dramas,A movie about family set in Nigeria.
s1453,TV Show,Wild Legacy 1453,Hayao Miyazaki,"Florence Pugh, Tom Hardy, Tilda Swinton, Shah Rukh Khan, Zendaya",Philippines,"October 14, 2011",1997,TV-14,8 Season,Music & Musicals,A tv show about power set in Philippines.
s1454,TV Show,Frozen Shadow 1454,Bong Joon-ho,"Daniel Kaluuya, Oscar Isaac, Lupita Nyong'o",Japan,"August 25, 2019",2021,TV-14,5 Seasons,"Independent Movies, TV Dramas",A tv show about survival set in Japan.
s1455,Movie,Dark Kingdom 1455,Park Chan-wook,"Oscar Isaac, Viola Davis, Penelope Cruz, Tom Hardy",Japan,"May 12, 2019",1990,TV-MA,127 min,International Movies,A movie about crime set in Japan.
s1456,Movie,Hidden Whisper 1456,Anurag Kashyap,"Idris Elba, Mahershala Ali, Zendaya",United States,"December 20, 2018",2013,PG-13,62 min,"Children & Family Movies, Korean TV Shows",A movie about survival set in United States.
s1457,Movie,Iron Project 1457,Martin Scorsese,"Florence Pugh, Penelope Cruz, Shah Rukh Khan, Deepika Padukone",United States,"December 22, 2015",2000,NR,159 min,"Children & Family Movies, Romantic Movies",A movie about love set in United States.
s1458,Movie,Golden Shadow 1458,,"Oscar Isaac, Mahershala Ali, Lupita Nyong'o, Florence Pugh",United States,"May 09, 2016",2021,R,187 min,TV Comedies,A movie about identity set in United States.
s1459,TV Show,Lost Shadow 1459,,,Egypt,"June 11, 2011",2004,TV-Y7,2 Season,"Reality TV, Crime TV Shows, Korean TV Shows",A tv show about power set in Egypt.
s1460,Movie,Iron Heart 1460,,"Riz Ahmed, Deepika Padukone",Argentina,"August 14, 2008",1998,NR,78 min,Action & Adventure,A movie about identity set in Argentina.
s1461,Movie,Golden Memory 1461,Bong Joon-ho,"Zendaya, Riz Ahmed, Tom Hardy",Philippines,"June 07, 2012",2020,G,86 min,"Action & Adventure, Crime TV Shows, Reality TV",A movie about power set in Philippines.
s1462,TV Show,Bright Whisper 1462,Christopher Nolan,"Zendaya, Viola Davis, Saoirse Ronan",United States,"June 19, 2018",2011,TV-Y7,5 Seasons,Sci-Fi & Fantasy,A tv show about crime set in United States.
s1463,Movie,Sacred Heart 1463,Mira Nair,"Saoirse Ronan, Idris Elba, Oscar Isaac, Viola Davis, Lupita Nyong'o",Spain,"December 27, 2011",2009,TV-Y7,160 min,Stand-Up Comedy,A movie about power set in Spain.
s1464,TV Show,Wild Promise 1464,Greta Gerwig,"Penelope Cruz, Tilda Swinton, Idris Elba, Saoirse Ronan",Egypt,"September 11, 2011",2014,TV-14,6 Seasons,"Sci-Fi & Fantasy, Horror Movies, Korean TV Shows",A tv show about power set in Egypt.
s1465,Movie,Dark Promise 1465,Mira Nair,,Germany,"June 02, 2008",2008,TV-Y7,193 min,"International Movies, Dramas",A movie about power set in Germany.
s1466,Movie,Hidden Empire 1466,Hayao Miyazaki,"Deepika Padukone, Daniel Kaluuya, Penelope Cruz, Shah Rukh Khan, Saoirse Ronan",Italy,"February 07, 2011",1998,NR,84 min,Horror Movies,A movie about survival set in Italy.
s1467,TV Show,Crimson Empire 1467,Christopher Nolan,"Viola Davis, Zendaya, Daniel Kaluuya, Tilda Swinton",Egypt,"July 20, 2010",2019,TV-PG,7 Season,Children & Family Movies,A tv show about survival set in Egypt.
s1468,TV Show,Eternal Shadow 1468,Martin Scorsese,"Lupita Nyong'o, Shah Rukh Khan",Spain,"May 27, 2015",2007,PG-13,3 Season,"Horror Movies, Crime TV Shows, Stand-Up Comedy",A tv show about power set in Spain.
s1469,Movie,Golden Heart 1469,Christopher Nolan,"Tom Hardy, Florence Pugh, Shah Rukh Khan",Japan,"June 06, 2018",2005,TV-MA,55 min,"Thrillers, Documentaries, Dramas",A movie about identity set in Japan.
s1470,Movie,Iron Empire 1470,Spike Lee,"Oscar Isaac, Shah Rukh Khan, Deepika Padukone, Lupita Nyong'o",Australia,"March 06, 2009",2008,R,76 min,"Music & Musicals, British TV Shows",A movie about identity set in Australia.
s1471,Movie,Golden Memory 1471,,"Lupita Nyong'o, Oscar Isaac, Song Kang-ho, Zendaya",Spain,"December 22, 2016",1991,R,196 min,TV Dramas,A movie about crime set in Spain.
s1472,Movie,Frozen Memory 1472,,"Song Kang-ho, Zendaya, Daniel Kaluuya",Argentina,"August 20, 2015",2005,R,57 min,Horror Movies,A movie about survival set in Argentina.
s1473,Movie,Dark Promise 1473,,"Tom Hardy, Tilda Swinton, Oscar Isaac, Lupita Nyong'o",Egypt,"June 03, 2013",2004,PG,63 min,"International Movies, Documentaries",A movie about crime set in Egypt.
s1474,TV Show,Eternal Kingdom 1474,Spike Lee,"Mahershala Ali, Idris Elba, Lupita Nyong'o, Deepika Padukone",,"December 25, 2013",1993,TV-PG,5 Seasons,"Sci-Fi & Fantasy, Comedies",A tv show about love set in an unnamed place.
s1475,Movie,Silent Whisper 1475,Christopher Nolan,"Viola Davis, Deepika Padukone, Florence Pugh",Philippines,"August 05, 2013",2012,PG,102 min,"Sci-Fi & Fantasy, Children & Family Movies, Comedies",A movie about identity set in Philippines.
s1476,TV Show,Wild Kingdom 1476,Spike Lee,"Mahershala Ali, Deepika Padukone, Viola Davis, Penelope Cruz",Spain,"July 20, 2019",1998,TV-Y,4 Season,"Action & Adventure, Stand-Up Comedy",A tv show about crime set in Spain.
s1477,TV Show,Midnight Hour 1477,Pedro Almodovar,"Deepika Padukone, Idris Elba, Shah Rukh Khan, Tom Hardy, Florence Pugh",United Kingdom,"June 26, 2014",1999,NR,9 Seasons,"TV Dramas, Stand-Up Comedy, Anime Series",A tv show about survival set in United Kingdom.
s1478,TV Show,Hidden Garden 1478,Ava DuVernay,"Viola Davis, Mahershala Ali",India,"October 06, 2009",2008,TV-Y,2 Seasons,"Thrillers, Documentaries, British TV Shows",A tv show about identity set in India.
s1479,Movie,Frozen Kingdom 1479,Bong Joon-ho,,Italy,"August 27, 2016",2005,TV-14,149 min,"British TV Shows, Reality TV, TV Dramas",A movie about love set in Italy.
s1480,Movie,Iron Whisper 1480,Mira Nair,,India,"July 24, 2016",2011,G,182 min,TV Comedies,A movie about survival set in India.
s1481,Movie,Lost Empire 1481,Anurag Kashyap,"Tom Hardy, Mahershala Ali, Tilda Swinton",Canada,"July 06, 2014",2018,R,162 min,TV Dramas,A movie about survival set in Canada.
s1482,Movie,Wild Legacy 1482,,"Deepika Padukone, Tom Hardy",Indonesia,"September 03, 2019",2013,PG-13,133 min,"Music & Musicals, Reality TV",A movie about crime set in Indonesia.
s1483,Movie,Bright Kingdom 1483,Spike Lee,"Riz Ahmed, Penelope Cruz",Turkey,"July 14, 2009",2011,TV-14,66 min,"Sci-Fi & Fantasy, TV Dramas",A movie about survival set in Turkey.
s1484,Movie,Iron Code 1484,Hayao Miyazaki,"Deepika Padukone, Zendaya, Florence Pugh, Viola Davis",Egypt,"April 15, 2011",1991,TV-PG,134 min,"TV Dramas, Stand-Up Comedy, Crime TV Shows",A movie about crime set in Egypt.
s1485,Movie,Wild Memory 1485,Bong Joon-ho,,Italy,"June 30, 2020",2020,TV-PG,151 min,TV Dramas,A movie about family set in Italy.
s1486,Movie,Iron Promise 1486,,"Viola Davis, Shah Rukh Khan, Idris Elba, Saoirse Ronan",United States,"September 03, 2015",2008,TV-MA,174 min,"International Movies, Independent Movies, Reality TV",A movie about crime set in United States.
s1487,Movie,Wild Shadow 1487,Bong Joon-ho,"Saoirse Ronan, Daniel Kaluuya, Penelope Cruz, Viola Davis, Riz Ahmed",South Korea,"April 29, 2014",2005,TV-MA,52 min,Independent Movies,A movie about love set in South Korea.
s1488,Movie,Eternal Promise 1488,Mira Nair,"Daniel Kaluuya, Mahershala Ali",Germany,"September 28, 2020",2016,PG-13,150 min,"Documentaries, Korean TV Shows",A movie about identity set in Germany.
s1489,Movie,Crimson Whisper 1489,,"Idris Elba, Shah Rukh Khan, Daniel Kaluuya, Zendaya, Deepika Padukone",Italy,"September 21, 2011",1998,TV-PG,102 min,"International Movies, TV Dramas",A movie about survival set in Italy.
s1490,TV Show,Wild Project 1490,Christopher Nolan,"Mahershala Ali, Lupita Nyong'o",India,"April 17, 2010",2000,G,1 Season,"TV Comedies, Stand-Up Comedy",A tv show about love set in India.
s1491,TV Show,Sacred Kingdom 1491,Bong Joon-ho,"Oscar Isaac, Florence Pugh, Saoirse Ronan, Deepika Padukone, Tilda Swinton",Philippines,"May 05, 2012",2016,TV-PG,8 Season,"Reality TV, Sci-Fi & Fantasy",A tv show about family set in Philippines.
s1492,Movie,Lost Promise 1492,,"Lupita Nyong'o, Daniel Kaluuya, Zendaya",South Korea,"June 24, 2013",2019,TV-14,121 min,"International Movies, Horror Movies",A movie about love set in South Korea.
s1493,TV Show,Dark Kingdom 1493,Martin Scorsese,"Florence Pugh, Tilda Swinton, Oscar Isaac, Daniel Kaluuya, Viola Davis",Canada,"July 29, 2013",2016,,2 Season,"Comedies, Korean TV Shows",A tv show about identity set in Canada.
s1494,TV Show,Midnight Project 1494,,"Tilda Swinton, Riz Ahmed, Penelope Cruz",Indonesia,"October 24, 2014",2021,G,4 Season,Horror Movies,A tv show about family set in Indonesia.
s1495,Movie,Midnight Garden 1495,Pedro Almodovar,"Oscar Isaac, Tom Hardy",Australia,"March 11, 2013",2000,TV-14,158 min,"Dramas, Sci-Fi & Fantasy, Independent Movies",A movie about survival set in Australia.
s1496,Movie,Eternal Shadow 1496,,"Florence Pugh, Deepika Padukone",Nigeria,"October 08, 2012",1994,TV-14,112 min,"TV Comedies, Children & Family Movies",A movie about family set in Nigeria.
s1497,Movie,Sacred Promise 1497,Park Chan-wook,"Viola Davis, Deepika Padukone, Mahershala Ali, Saoirse Ronan",,"February 01, 2018",2006,NR,179 min,"Dramas, Horror Movies",A movie about crime set in an unnamed place.
s1498,Movie,Golden Garden 1498,Mira Nair,"Florence Pugh, Saoirse Ronan, Viola Davis",,"January 10, 2013",2000,TV-Y7,134 min,Comedies,A movie about power set in an unnamed place.
s1499,Movie,Lost Whisper 1499,Hayao Miyazaki,"Shah Rukh Khan, Tom Hardy",Indonesia,"June 15, 2015",2008,TV-14,87 min,"Horror Movies, TV Comedies",A movie about love set in Indonesia.
s1500,Movie,Hidden Empire 1500,,"Zendaya, Oscar Isaac, Saoirse Ronan, Lupita Nyong'o, Penelope Cruz",Philippines,"April 02, 2021",2007,G,62 min,"Dramas, Horror Movies",A movie about survival set in Philippines.
s219,Movie,Bright Truth 219,Christopher Nolan,,Indonesia,"January 10, 2008",2017,PG,56 min,"Korean TV Shows, Stand-Up Comedy, Horror Movies",A movie about survival set in Indonesia.
s52,Movie,Golden Promise 52,,"Idris Elba, Song Kang-ho, Shah Rukh Khan, Florence Pugh, Lupita Nyong'o",Brazil,"February 10, 2014",2000,TV-Y7,120 min,"Crime TV Shows, Action & Adventure, Anime Series",A movie about love set in Brazil.
s110,Movie,Frozen Code 110,Anurag Kashyap,"Daniel Kaluuya, Tom Hardy, Idris Elba, Tilda Swinton, Florence Pugh",Nigeria,"May 03, 2017",2016,TV-Y,92 min,"British TV Shows, Horror Movies, Independent Movies",A movie about family set in Nigeria.
s934,TV Show,Eternal Kingdom 934,,"Tom Hardy, Tilda Swinton, Oscar Isaac, Viola Davis",Canada,"March 31, 2010",2019,TV-Y,2 Seasons,"Dramas, Documentaries, Crime TV Shows",A tv show about family set in Canada.
s960,TV Show,Silent Kingdom 960,,"Tom Hardy, Oscar Isaac",Indonesia,"November 14, 2014",1995,TV-PG,7 Seasons,"TV Dramas, Independent Movies",A tv show about survival set in Indonesia.
s9,Movie,Frozen Promise 9,Mira Nair,"Penelope Cruz, Mahershala Ali, Saoirse Ronan",Brazil,"August 10, 2019",2018,R,61 min,"Dramas, Independent Movies",A movie about identity set in Brazil.
s148,Movie,Golden Whisper 148,Christopher Nolan,"Viola Davis, Shah Rukh Khan",Nigeria,"December 28, 2016",1994,PG-13,124 min,"Comedies, Reality TV",A movie about survival set in Nigeria.
s911,TV Show,Golden Kingdom 911,Ava DuVernay,"Daniel Kaluuya, Lupita Nyong'o, Saoirse Ronan, Zendaya, Viola Davis",Brazil,"April 03, 2014",2006,PG,5 Season,Reality TV,A tv show about crime set in Brazil.
s996,Movie,Wild Kingdom 996,Mira Nair,"Shah Rukh Khan, Deepika Padukone",Japan,"December 20, 2010",2008,PG,59 min,"Stand-Up Comedy, Children & Family Movies",A movie about power set in Japan.
s455,Movie,Dark Truth 455,,"Mahershala Ali, Lupita Nyong'o, Shah Rukh Khan, Penelope Cruz",United States,"January 13, 2009",2008,TV-Y7,80 min,"British TV Shows, Crime TV Shows, Korean TV Shows",A movie about family set in United States.
s1340,Movie,Sacred Whisper 1340,,"Viola Davis, Daniel Kaluuya, Lupita Nyong'o, Saoirse Ronan, Shah Rukh Khan",Canada,"April 07, 2020",2000,R,89 min,Reality TV,A movie about power set in Canada.
s985,TV Show,Hidden Storm 985,Greta Gerwig,"Riz Ahmed, Saoirse Ronan, Tom Hardy, Lupita Nyong'o",China,"January 13, 2013",1993,G,7 Season,"British TV Shows, Thrillers, Reality TV",A tv show about power set in China.
s642,Movie,Velvet Project 642,Martin Scorsese,"Saoirse Ronan, Daniel Kaluuya, Riz Ahmed, Song Kang-ho, Oscar Isaac",Australia,"June 29, 2012",2012,NR,84 min,Documentaries,A movie about crime set in Australia.
s1176,Movie,Broken Whisper 1176,Pedro Almodovar,"Tilda Swinton, Penelope Cruz, Zendaya, Shah Rukh Khan",Indonesia,"April 27, 2016",1999,NR,171 min,Crime TV Shows,A movie about power set in Indonesia.
s635,TV Show,Wild City 635,Greta Gerwig,"Tilda Swinton, Mahershala Ali, Idris Elba, Zendaya",Mexico,"October 28, 2016",2016,,7 Season,"TV Dramas, Documentaries",A tv show about survival set in Mexico.
s1220,Movie,Silent City 1220,,"Florence Pugh, Oscar Isaac",Mexico,"March 21, 2010",2004,PG-13,115 min,"British TV Shows, TV Comedies, International Movies",A movie about power set in Mexico.
s405,Movie,Frozen Hour 405,Greta Gerwig,"Saoirse Ronan, Deepika Padukone, Daniel Kaluuya",Mexico,"March 07, 2008",1999,G,188 min,Stand-Up Comedy,A movie about family set in Mexico.
s414,TV Show,Frozen Legacy 414,Greta Gerwig,"Song Kang-ho, Viola Davis",China,"May 29, 2012",2011,PG-13,4 Seasons,Reality TV,A tv show about family set in China.
s76,Movie,Bright Kingdom 76,,"Riz Ahmed, Viola Davis, Florence Pugh",Mexico,"May 07, 2013",2016,NR,162 min,Action & Adventure,A movie about survival set in Mexico.
s910,TV Show,Crimson Project 910,,"Viola Davis, Penelope Cruz, Oscar Isaac",Spain,"March 25, 2020",1999,R,6 Seasons,"Dramas, International Movies",A tv show about power set in Spain.
